TOKEN,SYMBOL,NAME,ISIN
16921,20MICRONS,20MICRONS,INE144J01027
4,21STCENMGM,21STCENMGM,INE253B01015
13061,360ONE,360ONE,INE466L01038
6232,3IINFOLTD,3IINFOLTD,INE748C01038
474,3MINDIA,3MINDIA,INE470A01017
2595,3PLAND,3PLAND,INE105C01023
445,5PAISA,5PAISA,INE618L01018
11868,63MOONS,63MOONS,INE111B01023
12533,AAATECH,AAATECH,INE0D0U01013
23729,AADHARHFC,AADHARHFC,INE883F01010
5245,AAREYDRUGS,AAREYDRUGS,INE198H01019
761821,AARNAV,AARNAV,INE750R01016
1030,AARON,AARON,INE721Z01010
17145,AARTECH,AARTECH,INE01C001026
4481,AARTIDRUGS,AARTIDRUGS,INE767A01016
7,AARTIIND,AARTIIND,INE769A01020
13868,AARTIPHARM,AARTIPHARM,INE0LRU01027
19233,AARTISURF,AARTISURF,INE09EO01013
19073,AARVI,AARVI,INE754X01016
5385,AAVAS,AAVAS,INE216P01012
13,ABB,ABB,INE117A01022
17903,ABBOTINDIA,ABBOTINDIA,INE358A01014
21614,ABCAPITAL,ABCAPITAL,INE674K01013
759130,ABCOTS,ABCOTS,INE08PH01015
24308,ABDL,ABDL,INE552Z01027
30108,ABFRL,ABFRL,INE647O01011
27020,ABINFRA,ABINFRA,INE00YB01025
756843,ABLBL,ABLBL,INE14LE01019
625,ABREL,ABREL,INE055A01016
6018,ABSLAMC,ABSLAMC,INE404A01024
22,ACC,ACC,INE012A01025
7053,ACCELYA,ACCELYA,INE793A01012
1465,ACCURACY,ACCURACY,INE648Z01023
13587,ACE,ACE,INE731H01025
11779,ACEINTEG,ACEINTEG,INE543V01017
12024,ACI,ACI,INE128X01021
15420,ACL,ACL,INE666E01020
27061,ACMESOLAR,ACMESOLAR,INE622W01025
5578,ACUTAAS,ACUTAAS,INE00FF01025
10217,ADANIENSOL,ADANIENSOL,INE931S01010
25,ADANIENT,ADANIENT,INE423A01024
3563,ADANIGREEN,ADANIGREEN,INE364U01010
15083,ADANIPORTS,ADANIPORTS,INE742F01042
17388,ADANIPOWER,ADANIPOWER,INE814H01029
19761,ADFFOODS,ADFFOODS,INE982B01027
245,ADL,ADL,INE0CHO01012
34,ADOR,ADOR,INE045A01017
4953,ADROITINFO,ADROITINFO,INE737B01033
14813,ADSL,ADSL,INE102I01027
760657,ADVAIT,ADVAIT,INE0ALI01010
759402,ADVANCE,ADVANCE,INE1B0W01010
14745,ADVANIHOTR,ADVANIHOTR,INE199C01026
759769,ADVENTHTL,ADVENTHTL,INE28GN01010
18039,ADVENZYMES,ADVENZYMES,INE837H01020
40,AEGISLOG,AEGISLOG,INE208C01025
757336,AEGISVOPAK,AEGISVOPAK,INE0INX01018
761330,AEPL,AEPL,INE757T01025
760234,AEQUS,AEQUS,INE947N01017
12015,AEROENTER,AEROENTER,INE065D01027
18268,AEROFLEX,AEROFLEX,INE024001021
13689,AERONEU,AERONEU,INE035801013
9810,AETHER,AETHER,INE0BWX01014
25977,AFCONS,AFCONS,INE101I01011
11343,AFFLE,AFFLE,INE00WC01027
25855,AFFORDABLE,AFFORDABLE,INE692Z01013
13288,AFSL,AFSL,INE00ZE01026
3389,AGARIND,AGARIND,INE204E01012
29452,AGARWALEYE,AGARWALEYE,INE943P01029
1412,AGI,AGI,INE415A01038
24445,AGIIL,AGIIL,INE976R01033
11072,AGRITECH,AGRITECH,INE449G01018
9046,AGROPHOS,AGROPHOS,INE740V01019
758968,AHCL,AHCL,INE0Y8W01017
2004,AHLADA,AHLADA,INE00PV01013
19438,AHLEAST,AHLEAST,INE926K01017
17833,AHLUCONT,AHLUCONT,INE758C01029
19366,AHLWEST,AHLWEST,INE915K01010
13086,AIAENG,AIAENG,INE212H01026
23553,AIIL,AIIL,INE206F01022
9897,AIRAN,AIRAN,INE645W01026
6068,AIROLAM,AIROLAM,INE801L01010
8124,AJANTPHARM,AJANTPHARM,INE031B01049
29624,AJAXENGG,AJAXENGG,INE274Y01021
17307,AJMERA,AJMERA,INE298G01035
3403,AJOONI,AJOONI,INE820Y01021
13510,AKASH,AKASH,INE737W01013
2176,AKG,AKG,INE00Y801016
14890,AKI,AKI,INE642Z01026
9558,AKSHAR,AKSHAR,INE256Z01025
20178,AKSHARCHEM,AKSHARCHEM,INE542B01011
8591,AKSHOPTFBR,AKSHOPTFBR,INE523B01011
24715,AKUMS,AKUMS,INE09XN01023
9921,ALANKIT,ALANKIT,INE914E01040
17256,ALBERTDAVD,ALBERTDAVD,INE155C01010
79,ALEMBICLTD,ALEMBICLTD,INE426A01027
761270,ALGOQUANT,ALGOQUANT,INE598D01035
13656,ALICON,ALICON,INE062D01024
5265,ALIVUS,ALIVUS,INE03Q201024
16959,ALKALI,ALKALI,INE773I01017
11703,ALKEM,ALKEM,INE540L01014
4487,ALKYLAMINE,ALKYLAMINE,INE150B01039
13501,ALLCARGO,ALLCARGO,INE418H01029
11798,ALLDIGI,ALLDIGI,INE835G01018
758448,ALLTIME,ALLTIME,INE0GV601021
16719,ALMONDZ,ALMONDZ,INE326B01035
17675,ALOKINDS,ALOKINDS,INE270A01029
14848,ALPA,ALPA,INE385I01010
14597,ALPHAGEO,ALPHAGEO,INE137C01018
760740,AMAGI,AMAGI,INE121R01077
758909,AMANTA,AMANTA,INE084K01015
1185,AMBER,AMBER,INE371P01015
11496,AMBICAAGAR,AMBICAAGAR,INE792B01012
15234,AMBIKCO,AMBIKCO,INE540G01014
1270,AMBUJACEM,AMBUJACEM,INE079A01024
14398,AMDIND,AMDIND,INE005I01014
761670,AMIRCHAND,AMIRCHAND,INE05TO01019
2598,AMJLAND,AMJLAND,INE606A01024
19867,AMNPLST,AMNPLST,INE275D01022
17547,AMRUTANJAN,AMRUTANJAN,INE098F01031
7145,ANANDRATHI,ANANDRATHI,INE463V01026
13620,ANANTRAJ,ANANTRAJ,INE242C01024
166,ANDHRAPAP,ANDHRAPAP,INE435A01051
136,ANDHRSUGAR,ANDHRSUGAR,INE715B01021
324,ANGELONE,ANGELONE,INE732I01021
16657,ANIKINDS,ANIKINDS,INE087B01017
3727,ANMOL,ANMOL,INE02AR01019
13598,ANTELOPUS,ANTELOPUS,INE818A01017
5194,ANTGRAPHIC,ANTGRAPHIC,INE414B01021
757885,ANTHEM,ANTHEM,INE0CZ201020
28314,ANUHPHR,ANUHPHR,INE489G01022
9014,ANUP,ANUP,INE294Z01018
2829,ANURAS,ANURAS,INE930P01018
11491,APARINDS,APARINDS,INE372A01015
20453,APCL,APCL,INE071F01012
154,APCOTEXIND,APCOTEXIND,INE116A01032
21623,APEX,APEX,INE346W01013
25780,APLAPOLLO,APLAPOLLO,INE702C01027
25328,APLLTD,APLLTD,INE901L01018
1134,APOLLO,APOLLO,INE713T01028
157,APOLLOHOSP,APOLLOHOSP,INE437A01024
14361,APOLLOPIPE,APOLLOPIPE,INE126J01016
163,APOLLOTYRE,APOLLOTYRE,INE438A01022
6302,APOLSINHOT,APOLSINHOT,INE451F01024
10755,APTECHT,APTECHT,INE266F01018
5435,APTUS,APTUS,INE852O01025
23365,AQYLON,AQYLON,INE416A01051
16795,ARCHIDPLY,ARCHIDPLY,INE877I01016
5688,ARCHIES,ARCHIES,INE731A01020
100,ARE&M,ARE&M,INE885A01032
181,ARENTERP,ARENTERP,INE610C01014
758700,ARFIN,ARFIN,INE784R01023
15204,ARIES,ARIES,INE298I01015
3813,ARIHANTCAP,ARIHANTCAP,INE420B01036
20159,ARIHANTSUP,ARIHANTSUP,INE643K01018
757614,ARIS,ARIS,INE0H9P01028
25398,ARKADE,ARKADE,INE0QRL01017
17263,ARMANFIN,ARMANFIN,INE109C01017
14557,AROGRANITE,AROGRANITE,INE210C01013
9260,ARROWGREEN,ARROWGREEN,INE570D01018
759956,ARSSBL,ARSSBL,INE549H01021
16913,ARTEMISMED,ARTEMISMED,INE025R01021
6156,ARTNIRMAN,ARTNIRMAN,INE738V01013
2814,ARVEE,ARVEE,INE006Z01016
193,ARVIND,ARVIND,INE034A01011
9111,ARVINDFASN,ARVINDFASN,INE955V01021
10457,ARVSMART,ARVSMART,INE034S01021
5378,ASAHIINDIA,ASAHIINDIA,INE439A01020
25088,ASAHISONG,ASAHISONG,INE228I01012
10634,ASAL,ASAL,INE900C01027
17598,ASALCBR,ASALCBR,INE073G01016
203,ASHAPURMIN,ASHAPURMIN,INE348A01023
24403,ASHIANA,ASHIANA,INE365D01021
206,ASHIMASYN,ASHIMASYN,INE440A01010
20182,ASHOKA,ASHOKA,INE442H01029
16943,ASHOKAMET,ASHOKAMET,INE760Y01011
212,ASHOKLEY,ASHOKLEY,INE208A01029
7030,ASIANENE,ASIANENE,INE276G01015
18422,ASIANHOTNR,ASIANHOTNR,INE363A01022
236,ASIANPAINT,ASIANPAINT,INE021A01026
14889,ASIANTILES,ASIANTILES,INE022I01019
20152,ASKAUTOLTD,ASKAUTOLTD,INE491J01022
14064,ASMS,ASMS,INE855F01042
17270,ASPINWALL,ASPINWALL,INE991I01015
17728,ASTEC,ASTEC,INE563J01010
1508,ASTERDM,ASTERDM,INE914M01019
14418,ASTRAL,ASTRAL,INE006I01046
11618,ASTRAMICRO,ASTRAMICRO,INE386C01029
5610,ASTRAZEN,ASTRAZEN,INE203A01020
874,ASTRON,ASTRON,INE646X01014
15649,ATALREAL,ATALREAL,INE0ALR01029
15404,ATAM,ATAM,INE09KD01013
6066,ATGL,ATGL,INE399L01023
757645,ATHERENERG,ATHERENERG,INE0LEZ01016
17778,ATL,ATL,INE0NN701020
13585,ATLANTAA,ATLANTAA,INE285H01022
759007,ATLANTAELE,ATLANTAELE,INE0Z4F01028
4568,ATLASCYCLE,ATLASCYCLE,INE446A01025
263,ATUL,ATUL,INE100A01010
30023,ATULAUTO,ATULAUTO,INE951D01028
21238,AUBANK,AUBANK,INE949L01017
1607,AURIGROW,AURIGROW,INE925Y01036
12022,AURIONPRO,AURIONPRO,INE132H01018
275,AUROPHARMA,AUROPHARMA,INE406A01037
10310,AURUM,AURUM,INE898S01029
278,AUTOAXLES,AUTOAXLES,INE449A01011
14106,AUTOIND,AUTOIND,INE718H01014
21406,AVADHSUGAR,AVADHSUGAR,INE349W01017
15058,AVALON,AVALON,INE0LCL01028
24610,AVANTEL,AVANTEL,INE005B01027
7936,AVANTIFEED,AVANTIFEED,INE871C01038
15589,AVG,AVG,INE680Z01018
25984,AVL,AVL,INE679V01027
13557,AVONMORE,AVONMORE,INE323B01024
8827,AVROIND,AVROIND,INE652Z01017
14008,AVTNPL,AVTNPL,INE488D01021
23864,AWFIS,AWFIS,INE108V01019
1797,AWHCL,AWHCL,INE01BK01022
8110,AWL,AWL,INE699H01024
5900,AXISBANK,AXISBANK,INE238A01034
9436,AXISCADES,AXISCADES,INE555B01013
9902,AXITA,AXITA,INE02EZ01022
760981,AYE,AYE,INE501X01029
10285,AYMSYNTEX,AYMSYNTEX,INE193B01039
20905,AZAD,AZAD,INE02IJ01035
17742,BAFNAPH,BAFNAPH,INE878I01022
11226,BAGFILMS,BAGFILMS,INE116D01028
13794,BAIDFIN,BAIDFIN,INE020D01022
16669,BAJAJ-AUTO,BAJAJ-AUTO,INE917I01010
19531,BAJAJCON,BAJAJCON,INE933K01021
15034,BAJAJELEC,BAJAJELEC,INE193E01025
16675,BAJAJFINSV,BAJAJFINSV,INE918I01026
6863,BAJAJHCARE,BAJAJHCARE,INE411U01027
25270,BAJAJHFL,BAJAJHFL,INE377Y01014
308,BAJAJHIND,BAJAJHIND,INE306A01021
305,BAJAJHLDNG,BAJAJHLDNG,INE118A01012
29678,BAJAJINDEF,BAJAJINDEF,INE0O9T01021
20531,BAJEL,BAJEL,INE0KQN01018
317,BAJFINANCE,BAJFINANCE,INE296A01032
25203,BALAJEE,BALAJEE,INE0S2G01011
9158,BALAJITELE,BALAJITELE,INE794B01026
14501,BALAMINES,BALAMINES,INE050E01027
11309,BALAXI,BALAXI,INE618N01022
10181,BALKRISHNA,BALKRISHNA,INE875R01011
335,BALKRISIND,BALKRISIND,INE787D01026
338,BALMLAWRIE,BALMLAWRIE,INE164A01016
13441,BALPHARMA,BALPHARMA,INE083D01012
341,BALRAMCHIN,BALRAMCHIN,INE119A01028
23607,BALUFORGE,BALUFORGE,INE011E01029
347,BANARBEADS,BANARBEADS,INE655B01011
350,BANARISUG,BANARISUG,INE459A01010
13880,BANCOINDIA,BANCOINDIA,INE213C01025
2263,BANDHANBNK,BANDHANBNK,INE545U01014
15303,BANG,BANG,INE863I01016
822,BANKA,BANKA,INE862Y01015
4668,BANKBARODA,BANKBARODA,INE028A01039
4745,BANKINDIA,BANKINDIA,INE084A01016
24386,BANSALWIRE,BANSALWIRE,INE0B9K01025
14511,BANSWRAS,BANSWRAS,INE629D01020
368,BASF,BASF,INE373A01013
12034,BASML,BASML,INE186H01022
371,BATAINDIA,BATAINDIA,INE176A01028
17927,BAYERCROP,BAYERCROP,INE462A01022
13761,BBL,BBL,INE464A01036
3435,BBOX,BBOX,INE676A01027
380,BBTC,BBTC,INE050A01025
12153,BBTCL,BBTCL,INE01EE01011
2513,BCLIND,BCLIND,INE412G01024
7780,BCONCEPTS,BCONCEPTS,INE977Y01011
761494,BCPL,BCPL,INE00SW01015
2144,BDL,BDL,INE171Z01026
17933,BEARDSELL,BEARDSELL,INE520H01022
1628,BECTORFOOD,BECTORFOOD,INE495P01020
383,BEL,BEL,INE263A01024
757938,BELLACASA,BELLACASA,INE344T01014
757102,BELRISE,BELRISE,INE894V01022
395,BEML,BEML,INE258A01024
419,BEPL,BEPL,INE922A01025
404,BERGEPAINT,BERGEPAINT,INE463A01038
759842,BETA,BETA,INE351Y01019
21113,BFINVEST,BFINVEST,INE878K01010
6164,BHAGCHEM,BHAGCHEM,INE414D01027
13400,BHAGERIA,BHAGERIA,INE354C01027
20776,BHAGYANGR,BHAGYANGR,INE458B01036
19556,BHANDARI,BHANDARI,INE474E01029
760726,BHARATCOAL,BHARATCOAL,INE05XR01022
422,BHARATFORG,BHARATFORG,INE465A01025
426,BHARATGEAR,BHARATGEAR,INE561C01019
3834,BHARATRAS,BHARATRAS,INE838B01021
30244,BHARATSE,BHARATSE,INE415D01024
16123,BHARATWIRE,BHARATWIRE,INE316L01019
10604,BHARTIARTL,BHARTIARTL,INE397D01024
23489,BHARTIHEXA,BHARTIHEXA,INE343G01021
438,BHEL,BHEL,INE257A01026
18431,BIGBLOC,BIGBLOC,INE412U01025
11966,BIKAJI,BIKAJI,INE00E101023
7848,BIL,BIL,INE828A01016
11373,BIOCON,BIOCON,INE376G01013
4136,BIOFILCHEM,BIOFILCHEM,INE829A01014
477,BIRLACABLE,BIRLACABLE,INE800A01015
480,BIRLACORPN,BIRLACORPN,INE340A01012
15239,BIRLAMONEY,BIRLAMONEY,INE865C01022
1455,BIRLANU,BIRLANU,INE557A01011
27144,BLACKBUCK,BLACKBUCK,INE0UIZ01018
15067,BLAL,BLAL,INE0N7W01012
19265,BLISSGVS,BLISSGVS,INE416D01022
13290,BLKASHYAP,BLKASHYAP,INE350H01032
17279,BLS,BLS,INE153T01027
22566,BLSE,BLSE,INE0NLT01010
7480,BLUECOAST,BLUECOAST,INE472B01011
495,BLUEDART,BLUEDART,INE233B01017
19686,BLUEJET,BLUEJET,INE0KBH01020
8311,BLUESTARCO,BLUESTARCO,INE472A01039
759291,BLUESTONE,BLUESTONE,INE304W01038
757520,BLUSPRING,BLUSPRING,INE0U4101014
759256,BMWVENTLTD,BMWVENTLTD,INE965W01036
25017,BODALCHEM,BODALCHEM,INE338D01028
513,BOMDYEING,BOMDYEING,INE032A01023
761056,BONLON,BONLON,INE0B9A01018
19401,BOROLTD,BOROLTD,INE02PY01013
3149,BORORENEW,BORORENEW,INE666D01022
24014,BOROSCI,BOROSCI,INE02L001032
4491,BOSCH-HCIL,BOSCH-HCIL,INE782A01015
2181,BOSCHLTD,BOSCHLTD,INE323A01026
526,BPCL,BPCL,INE029A01011
530,BPL,BPL,INE110A01019
15184,BRIGADE,BRIGADE,INE791I01019
757794,BRIGHOTEL,BRIGHOTEL,INE03NU01014
547,BRITANNIA,BRITANNIA,INE216A01030
21683,BRNL,BRNL,INE727S01012
25136,BROOKS,BROOKS,INE650L01011
19585,BSE,BSE,INE118H01025
809,BSHSL,BSHSL,INE032Z01020
559,BSL,BSL,INE594B01012
6994,BSOFT,BSOFT,INE836A01035
14150,BTML,BTML,INE0EEJ01023
760594,BUILDPRO,BUILDPRO,INE24OJ01011
2716,BUTTERFLY,BUTTERFLY,INE295F01017
15073,BVCL,BVCL,INE139I01011
7919,BYKE,BYKE,INE319B01014
8341,CALSOFT,CALSOFT,INE526B01014
6216,CAMLINFINE,CAMLINFINE,INE052I01032
9362,CAMPUS,CAMPUS,INE278Y01022
342,CAMS,CAMS,INE596I01020
10794,CANBK,CANBK,INE476A01022
583,CANFINHOME,CANFINHOME,INE477A01020
759477,CANHLIFE,CANHLIFE,INE01TY01017
20160,CANTABIL,CANTABIL,INE068L01024
21749,CAPACITE,CAPACITE,INE264T01014
759867,CAPILLARY,CAPILLARY,INE0ILV01024
22675,CAPITALSFB,CAPITALSFB,INE646H01017
3906,CAPLIPOINT,CAPLIPOINT,INE475E01026
595,CARBORUNIV,CARBORUNIV,INE120A01034
29113,CARERATING,CARERATING,INE752H01013
28879,CARRARO,CARRARO,INE0V7W01012
5407,CARTRADE,CARTRADE,INE290S01011
1879,CARYSIL,CARYSIL,INE482D01024
1250,CASTROLIND,CASTROLIND,INE172A01027
16249,CCAVENUE,CCAVENUE,INE483S01020
14992,CCCL,CCCL,INE429I01024
6385,CCHHL,CCHHL,INE652F01027
11452,CCL,CCL,INE421D01022
21174,CDSL,CDSL,INE736A01011
15254,CEATLTD,CEATLTD,INE482A01020
24742,CEIGALL,CEIGALL,INE0AG901020
761037,CEINSYS,CEINSYS,INE016Q01014
13162,CELEBRITY,CELEBRITY,INE185H01016
19795,CELLO,CELLO,INE0LMW01024
5622,CEMPRO,CEMPRO,INE686A01026
619,CENTENKA,CENTENKA,INE485A01015
11511,CENTEXT,CENTEXT,INE281A01026
14894,CENTRALBK,CENTRALBK,INE483A01010
2454,CENTRUM,CENTRUM,INE660C01027
14982,CENTUM,CENTUM,INE320B01020
13305,CENTURYPLY,CENTURYPLY,INE348B01021
15039,CERA,CERA,INE739E01017
628,CESC,CESC,INE486A01021
28764,CEWATER,CEWATER,INE037Z01029
20329,CGCL,CGCL,INE180C01042
760,CGPOWER,CGPOWER,INE067A01029
8546,CHALET,CHALET,INE427F01016
637,CHAMBLFERT,CHAMBLFERT,INE085A01013
14618,CHEMBOND,CHEMBOND,INE995D01025
757989,CHEMBONDCH,CHEMBONDCH,INE0TGX01019
270,CHEMCON,CHEMCON,INE03YM01018
2799,CHEMFAB,CHEMFAB,INE783X01023
5449,CHEMPLASTS,CHEMPLASTS,INE488A01050
2049,CHENNPETRO,CHENNPETRO,INE178A01016
9879,CHEVIOT,CHEVIOT,INE974B01016
8866,CHOICEIN,CHOICEIN,INE102B01014
685,CHOLAFIN,CHOLAFIN,INE121A01024
21740,CHOLAHLDNG,CHOLAHLDNG,INE149A01033
14937,CIEINDIA,CIEINDIA,INE536H01010
756015,CIFL,CIFL,INE345H01024
5142,CIGNITITEC,CIGNITITEC,INE675C01017
27161,CINELINE,CINELINE,INE704H01022
8024,CINEVISTA,CINEVISTA,INE039B01026
694,CIPLA,CIPLA,INE059A01026
5049,CLEAN,CLEAN,INE227W01023
760183,CLEANMAX,CLEANMAX,INE647U01026
3482,CLSEL,CLSEL,INE419D01026
761581,CMPDI,CMPDI,INE05HV01027
7603,CMSINFO,CMSINFO,INE925R01014
11155,CNL,CNL,INE985W01018
20374,COALINDIA,COALINDIA,INE522F01014
6006,COASTCORP,COASTCORP,INE377E01024
21508,COCHINSHIP,COCHINSHIP,INE704P01025
11165,COFFEEDAY,COFFEEDAY,INE335K01011
11543,COFORGE,COFORGE,INE591G01025
17945,COHANCE,COHANCE,INE03QK01018
15141,COLPAL,COLPAL,INE259A01022
31138,COMPUSOFT,COMPUSOFT,INE453B01029
21578,COMSYN,COMSYN,INE073V01015
4749,CONCOR,CONCOR,INE111A01025
18060,CONCORDBIO,CONCORDBIO,INE338H01029
10238,CONFIPET,CONFIPET,INE552D01024
17477,CONTROLPR,CONTROLPR,INE663B01015
4007,CORALFINAC,CORALFINAC,INE558D01021
15271,CORDSCABLE,CORDSCABLE,INE792I01017
739,COROMANDEL,COROMANDEL,INE169A01031
760254,CORONA,CORONA,INE02ZQ01018
742,COSMOFIRST,COSMOFIRST,INE757A01017
16986,COUNCODOS,COUNCODOS,INE695B01025
20086,CPCAP,CPCAP,INE521J01018
758941,CPEDU,CPEDU,INE0P6P01016
758858,CPPLUS,CPPLUS,INE819V01029
2854,CRAFTSMAN,CRAFTSMAN,INE00LO01017
759311,CRAMC,CRAMC,INE218I01013
9384,CREATIVEYE,CREATIVEYE,INE230B01021
4421,CREDITACC,CREDITACC,INE741K01010
13900,CREST,CREST,INE559D01011
757,CRISIL,CRISIL,INE007A01025
757850,CRIZAC,CRIZAC,INE0S4R01014
17094,CROMPTON,CROMPTON,INE299U01018
8083,CROWN,CROWN,INE491V01019
14966,CSBBANK,CSBBANK,INE679A01013
10350,CSLFINANCE,CSLFINANCE,INE718F01018
14218,CTE,CTE,INE627H01017
5701,CUB,CUB,INE491A01021
4064,CUBEXTUB,CUBEXTUB,INE144D01012
1901,CUMMINSIND,CUMMINSIND,INE298A01020
18520,CUPID,CUPID,INE509F01029
11842,CYBERMEDIA,CYBERMEDIA,INE278G01037
6051,CYBERTECH,CYBERTECH,INE214A01019
5748,CYIENT,CYIENT,INE136B01020
17187,CYIENTDLM,CYIENTDLM,INE055S01018
772,DABUR,DABUR,INE016A01026
8075,DALBHARAT,DALBHARAT,INE00R701025
781,DALMIASUG,DALMIASUG,INE495A01022
28662,DAMCAPITAL,DAMCAPITAL,INE284H01025
17541,DAMODARIND,DAMODARIND,INE497D01022
1110,DANGEE,DANGEE,INE688Y01022
11423,DATAMATICS,DATAMATICS,INE365B01017
7358,DATAPATTNS,DATAPATTNS,INE0IX101010
21794,DAVANGERE,DAVANGERE,INE179G01029
17881,DBCORP,DBCORP,INE950I01011
25892,DBEIL,DBEIL,INE0OPA01019
18086,DBL,DBL,INE917M01012
10893,DBOL,DBOL,INE0I3401014
18124,DBREALTY,DBREALTY,INE879I01012
31107,DBSTOCKBRO,DBSTOCKBRO,INE921B01025
21704,DCAL,DCAL,INE385W01011
13725,DCBBANK,DCBBANK,INE503A01015
805,DCM,DCM,INE498A01018
11039,DCMNVL,DCMNVL,INE08KP01019
811,DCMSHRIRAM,DCMSHRIRAM,INE499A01024
7325,DCMSRIND,DCMSRIND,INE843D01027
817,DCW,DCW,INE500A01029
11895,DCXINDIA,DCXINDIA,INE0KL801015
29098,DDEVPLSTIK,DDEVPLSTIK,INE0HR601026
14838,DECCANCE,DECCANCE,INE583C01021
24154,DEEDEV,DEEDEV,INE841L01016
827,DEEPAKFERT,DEEPAKFERT,INE501A01019
19943,DEEPAKNTR,DEEPAKNTR,INE288B01029
3292,DEEPINDS,DEEPINDS,INE0FHS01024
9599,DELHIVERY,DELHIVERY,INE148O01028
24391,DELPHIFX,DELPHIFX,INE726L01027
15044,DELTACORP,DELTACORP,INE124G01033
1214,DELTAMAGNT,DELTAMAGNT,INE393A01011
17722,DEN,DEN,INE947J01015
4279,DENORA,DENORA,INE244A01016
29256,DENTA,DENTA,INE0R4L01018
8146,DEVIT,DEVIT,INE060X01034
759079,DEVX,DEVX,INE0VOV01021
5373,DEVYANI,DEVYANI,INE872J01023
10346,DGCONTENT,DGCONTENT,INE03JI01017
857,DHAMPURSUG,DHAMPURSUG,INE041A01016
11359,DHANBANK,DHANBANK,INE680A01011
24409,DHANUKA,DHANUKA,INE435G01025
13001,DHARMAJ,DHARMAJ,INE00OQ01016
6858,DHRUV,DHRUV,INE506Z01015
22233,DHUNINV,DHUNINV,INE320L01011
18543,DIACABS,DIACABS,INE989C01038
18644,DIAMINESQ,DIAMINESQ,INE591D01014
21840,DIAMONDYD,DIAMONDYD,INE393P01035
703,DICIND,DICIND,INE303A01010
25672,DIFFNKG,DIFFNKG,INE184O01015
21247,DIGIDRIVE,DIGIDRIVE,INE0PSC01024
16683,DIGISPICE,DIGISPICE,INE927C01020
757515,DIGITIDE,DIGITIDE,INE0U4701011
6127,DIGJAMLMTD,DIGJAMLMTD,INE731U01028
14537,DISHTV,DISHTV,INE836F01026
14479,DIVGIITTS,DIVGIITTS,INE753U01022
10940,DIVISLAB,DIVISLAB,INE361B01024
21690,DIXON,DIXON,INE935N01020
14732,DLF,DLF,INE271C01023
17851,DLINKINDIA,DLINKINDIA,INE250K01012
19913,DMART,DMART,INE192R01011
6973,DMCC,DMCC,INE505A01010
641,DNAMEDIA,DNAMEDIA,INE016M01021
4822,DODLA,DODLA,INE021O01019
12124,DOLATALGO,DOLATALGO,INE966A01022
20560,DOLLAR,DOLLAR,INE325C01035
18139,DOLPHIN,DOLPHIN,INE920A01037
20551,DOMS,DOMS,INE321T01012
13839,DONEAR,DONEAR,INE668D01028
936,DPABHUSHAN,DPABHUSHAN,INE266Y01019
15419,DPSCLTD,DPSCLTD,INE360C01024
16900,DPWIRES,DPWIRES,INE864X01013
2645,DRCSYSTEMS,DRCSYSTEMS,INE03RS01027
10859,DREAMFOLKS,DREAMFOLKS,INE0JS101016
11271,DREDGECORP,DREDGECORP,INE506A01018
881,DRREDDY,DRREDDY,INE089A01031
760891,DSFCL,DSFCL,INE0OFM01015
25690,DSSL,DSSL,INE417B01040
6227,DTIL,DTIL,INE341R01014
15214,DVL,DVL,INE477B01010
11667,DWARKESH,DWARKESH,INE366A01041
10417,DYCL,DYCL,INE600Y01019
4525,DYNAMATECH,DYNAMATECH,INE221B01012
21314,DYNPRO,DYNPRO,INE256H01015
2792,EASEMYTRIP,EASEMYTRIP,INE07O001026
757862,EBGNG,EBGNG,INE18JU01028
15179,ECLERX,ECLERX,INE738I01010
25060,ECOSMOBLTY,ECOSMOBLTY,INE06HJ01020
15119,EDELWEISS,EDELWEISS,INE532F01054
758675,EFCIL,EFCIL,INE886D01026
910,EICHERMOT,EICHERMOT,INE066A01021
916,EIDPARRY,EIDPARRY,INE126A01031
27213,EIEL,EIEL,INE0LLY01014
6040,EIFFL,EIFFL,INE546V01010
15399,EIHAHOTELS,EIHAHOTELS,INE276C01014
919,EIHOTEL,EIHOTEL,INE230A01023
4040,EIMCOELECO,EIMCOELECO,INE158B01016
13091,EKC,EKC,INE184H01027
8953,ELDEHSG,ELDEHSG,INE668G01021
13643,ELECON,ELECON,INE205B01031
928,ELECTCAST,ELECTCAST,INE086A01029
4469,ELECTHERM,ELECTHERM,INE822G01016
937,ELGIEQUIP,ELGIEQUIP,INE285A01027
24924,ELGIRUBCO,ELGIRUBCO,INE819L01012
13423,ELIN,ELIN,INE050401020
758563,ELLEN,ELLEN,INE236E01022
13517,EMAMILTD,EMAMILTD,INE548C01032
10074,EMAMIPAP,EMAMIPAP,INE830C01026
19277,EMAMIREAL,EMAMIREAL,INE778K01012
24398,EMCURE,EMCURE,INE168P01015
11530,EMIL,EMIL,INE02YR01019
13421,EMKAY,EMKAY,INE296H01011
18142,EMMBI,EMMBI,INE753K01015
759728,EMMVEE,EMMVEE,INE1C6T01020
18593,EMSLIMITED,EMSLIMITED,INE0OV601013
9756,EMUDHRA,EMUDHRA,INE01QM01018
18822,ENDURANCE,ENDURANCE,INE913H01037
15049,ENERGYDEV,ENERGYDEV,INE306C01019
4907,ENGINERSIN,ENGINERSIN,INE510A01028
13192,ENIL,ENIL,INE265F01028
756871,ENRIN,ENRIN,INE1NPP01017
22717,ENTERO,ENTERO,INE010601016
22463,EPACK,EPACK,INE0G5901015
759251,EPACKPEB,EPACKPEB,INE0MLS01022
5382,EPIGRAL,EPIGRAL,INE071N01016
981,EPL,EPL,INE255A01020
913,EQUITASBNK,EQUITASBNK,INE063P01018
21154,ERIS,ERIS,INE406M01024
955,ESABINDIA,ESABINDIA,INE284A01012
19878,ESAFSFB,ESAFSFB,INE818W01011
958,ESCORTS,ESCORTS,INE042A01014
25634,ESSARSHPNG,ESSARSHPNG,INE122M01019
30323,ESSENTIA,ESSENTIA,INE418N01035
24265,ESTER,ESTER,INE778B01029
5097,ETERNAL,ETERNAL,INE758T01015
9750,ETHOSLTD,ETHOSLTD,INE04TZ01018
25162,EUREKAFORB,EUREKAFORB,INE0KCE01017
757953,EUROBOND,EUROBOND,INE505V01016
759797,EUROPRATIK,EUROPRATIK,INE198501012
999,EUROTEXIND,EUROTEXIND,INE022C01012
11782,EVEREADY,EVEREADY,INE128A01029
993,EVERESTIND,EVERESTIND,INE295A01018
11471,EXCELINDUS,EXCELINDUS,INE369A01029
760007,EXCELSOFT,EXCELSOFT,INE606N01019
22947,EXICOM,EXICOM,INE777F01014
676,EXIDEIND,EXIDEIND,INE302A01020
17486,EXPLEOSOL,EXPLEOSOL,INE201K01015
5352,EXXARO,EXXARO,INE0GFE01026
760125,FABTECH,FABTECH,INE0HF201011
1008,FACT,FACT,INE188A01015
1614,FAIRCHEMOR,FAIRCHEMOR,INE0DNW01011
6198,FCL,FCL,INE045J01034
11999,FCSSOFT,FCSSOFT,INE512B01022
4898,FDC,FDC,INE258B01022
1023,FEDERALBNK,FEDERALBNK,INE171A01029
20322,FEDFINA,FEDFINA,INE007N01010
13710,FIEMIND,FIEMIND,INE737H01014
24532,FILATEX,FILATEX,INE816B01035
23647,FILATFASH,FILATFASH,INE185E01021
1038,FINCABLES,FINCABLES,INE235A01022
3744,FINEORG,FINEORG,INE686Y01026
759239,FINKURVE,FINKURVE,INE734I01027
6579,FINOPB,FINOPB,INE02NC01014
1041,FINPIPE,FINPIPE,INE183A01024
24814,FIRSTCRY,FIRSTCRY,INE02RE01045
757658,FISCHER,FISCHER,INE771F01041
12032,FIVESTAR,FIVESTAR,INE128S01021
20372,FLAIR,FLAIR,INE00Y201027
25512,FLEXITUFF,FLEXITUFF,INE060J01017
13750,FLUOROCHEM,FLUOROCHEM,INE09N301011
1190,FMGOETZE,FMGOETZE,INE529A01010
21017,FMNL,FMNL,INE360L01017
6836,FOCUS,FOCUS,INE593W01028
6673,FOODSIN,FOODSIN,INE976E01023
11573,FORCEMOT,FORCEMOT,INE451A01017
14592,FORTIS,FORTIS,INE061F01013
1073,FOSECOIND,FOSECOIND,INE519A01011
760961,FRACTAL,FRACTAL,INE212S01015
14304,FSL,FSL,INE684F01012
11932,FUSION,FUSION,INE139R01012
1085,GABRIEL,GABRIEL,INE524A01029
8828,GAEL,GAEL,INE036B01030
4717,GAIL,GAIL,INE129A01019
25134,GALAPREC,GALAPREC,INE0RE001014
1315,GALAXYSURF,GALAXYSURF,INE600K01018
13337,GALLANTT,GALLANTT,INE297H01019
20303,GANDHAR,GANDHAR,INE717W01049
14116,GANDHITUBE,GANDHITUBE,INE524B01027
6944,GANECOS,GANECOS,INE845D01014
5614,GANESHBE,GANESHBE,INE388A01029
759012,GANESHCP,GANESHCP,INE652V01016
14339,GANESHHOU,GANESHHOU,INE460C01014
4957,GANGAFORGE,GANGAFORGE,INE691Z01023
21399,GANGESSECU,GANGESSECU,INE335W01016
1100,GARFIBRES,GARFIBRES,INE276A01018
25800,GARUDA,GARUDA,INE0JVO01026
17888,GATECH,GATECH,INE224E01028
17,GATECHDVR,GATECHDVR,INE224E01036
8510,GATEWAY,GATEWAY,INE079J01017
760178,GAUDIUMIVF,GAUDIUMIVF,INE0P8B01020
3693,GAYAHWS,GAYAHWS,INE287Z01012
758986,GCSL,GCSL,INE199P01028
13658,GEECEE,GEECEE,INE916G01016
17922,GEEKAYWIRE,GEEKAYWIRE,INE669X01032
2188,GENCON,GENCON,INE854S01022
10905,GENESYS,GENESYS,INE727B01026
6600,GENUSPAPER,GENUSPAPER,INE949P01018
11905,GENUSPOWER,GENUSPOWER,INE955D01029
11896,GEOJITFSL,GEOJITFSL,INE007B01023
13776,GESHIP,GESHIP,INE017A01032
1289,GFLLIMITED,GFLLIMITED,INE538A01037
1127,GHCL,GHCL,INE539A01019
16696,GHCLTEXTIL,GHCLTEXTIL,INE0PA801013
1139,GICHSGFIN,GICHSGFIN,INE289B01019
761025,GICL,GICL,INE947T01022
277,GICRE,GICRE,INE481Y01014
17839,GILLANDERS,GILLANDERS,INE047B01011
1576,GILLETTE,GILLETTE,INE322A01010
1142,GINNIFILA,GINNIFILA,INE424C01010
1145,GIPCL,GIPCL,INE162A01010
759048,GKENERGY,GKENERGY,INE1AG301022
761197,GKSL,GKSL,INE0V0W01025
17357,GKWLIMITED,GKWLIMITED,INE528A01020
1186,GLAND,GLAND,INE068V01023
1153,GLAXO,GLAXO,INE159A01016
7406,GLENMARK,GLENMARK,INE935A01035
1156,GLFL,GLFL,INE540A01017
1415,GLOBAL,GLOBAL,INE291W01037
24932,GLOBALE,GLOBALE,INE0URU01010
13735,GLOBALVECT,GLOBALVECT,INE792H01019
393,GLOBE,GLOBE,INE581X01021
758572,GLOBECIVIL,GLOBECIVIL,INE0V3U01015
17424,GLOBUSSPR,GLOBUSSPR,INE615I01010
23590,GLOSTERLTD,GLOSTERLTD,INE350Z01018
760116,GLOTTIS,GLOTTIS,INE0TQE01026
1168,GMBREW,GMBREW,INE075D01018
5204,GMDCLTD,GMDCLTD,INE131A01031
1570,GMMPFAUDLR,GMMPFAUDLR,INE541A01023
13528,GMRAIRPORT,GMRAIRPORT,INE776C01039
8529,GMRP&UI,GMRP&UI,INE0CU601026
18571,GNA,GNA,INE934S01014
1174,GNFC,GNFC,INE113A01013
14687,GOACARBON,GOACARBON,INE426D01013
3963,GOCLCORP,GOCLCORP,INE077F01035
6964,GOCOLORS,GOCOLORS,INE0BJS01011
25941,GODAVARIB,GODAVARIB,INE497S01012
1181,GODFRYPHLP,GODFRYPHLP,INE260B01028
23799,GODIGIT,GODIGIT,INE03JT01014
144,GODREJAGRO,GODREJAGRO,INE850D01014
10099,GODREJCP,GODREJCP,INE102D01028
10925,GODREJIND,GODREJIND,INE233A01035
17875,GODREJPROP,GODREJPROP,INE484J01027
11778,GOKEX,GOKEX,INE887G01027
16705,GOKUL,GOKUL,INE020J01029
14480,GOKULAGRO,GOKULAGRO,INE314T01033
11971,GOLDIAM,GOLDIAM,INE025B01025
9874,GOLDTECH,GOLDTECH,INE805A01014
6125,GOODLUCK,GOODLUCK,INE127I01024
23066,GOPAL,GOPAL,INE0L9R01028
11787,GOYALALUM,GOYALALUM,INE705X01026
13409,GPIL,GPIL,INE177H01039
19731,GPPL,GPPL,INE517F01014
22846,GPTHEALTH,GPTHEALTH,INE486R01017
17685,GPTINFRA,GPTINFRA,INE390G01014
11872,GRANULES,GRANULES,INE101D01020
592,GRAPHITE,GRAPHITE,INE371A01025
1232,GRASIM,GRASIM,INE047A01021
20534,GRAVITA,GRAVITA,INE024L01027
1235,GREAVESCOT,GREAVESCOT,INE224A01026
6848,GREENLAM,GREENLAM,INE544R01021
13810,GREENPANEL,GREENPANEL,INE08ZM01014
3987,GREENPLY,GREENPLY,INE461C01038
20110,GREENPOWER,GREENPOWER,INE999K01014
13560,GRINDWELL,GRINDWELL,INE536A01023
5054,GRINFRA,GRINFRA,INE201P01022
10871,GRMOVER,GRMOVER,INE192H01020
17770,GROBTEA,GROBTEA,INE646C01018
759806,GROWW,GROWW,INE0HOQ01053
6543,GRPLTD,GRPLTD,INE137I01015
5475,GRSE,GRSE,INE382Z01011
7982,GRWRHITECH,GRWRHITECH,INE291A01017
1247,GSFC,GSFC,INE026A01025
14599,GSLSU,GSLSU,INE0JSX01015
762239,GSPCROP,GSPCROP,INE713R01022
13197,GSPL,GSPL,INE246F01010
15347,GSS,GSS,INE871H01011
1129,GTECJAINX,GTECJAINX,INE586X01012
1162,GTL,GTL,INE043A01012
13745,GTLINFRA,GTLINFRA,INE221H01019
21195,GTPL,GTPL,INE869I01013
11606,GUFICBIO,GUFICBIO,INE742B01025
1267,GUJALKALI,GUJALKALI,INE186A01019
14677,GUJAPOLLO,GUJAPOLLO,INE826C01016
10599,GUJGASLTD,GUJGASLTD,INE844O01030
4548,GUJRAFFIA,GUJRAFFIA,INE610B01024
29731,GUJTHEM,GUJTHEM,INE942C01045
4391,GULFOILLUB,GULFOILLUB,INE635Q01029
11581,GULFPETRO,GULFPETRO,INE586G01017
6286,GULPOLY,GULPOLY,INE255D01024
10865,GVPTECH,GVPTECH,INE382T01030
16783,GVT&D,GVT&D,INE200A01026
2303,HAL,HAL,INE066F01020
760715,HALDER,HALDER,INE115S01010
21551,HALEOSLABS,HALEOSLABS,INE320X01016
48,HAPPSTMNDS,HAPPSTMNDS,INE419U01012
20854,HAPPYFORGE,HAPPYFORGE,INE330T01021
8962,HARDWYN,HARDWYN,INE626Z01029
8968,HARIOMPIPE,HARIOMPIPE,INE00EV01017
1313,HARRMALAYA,HARRMALAYA,INE544A01019
11162,HARSHA,HARSHA,INE0JUS01029
18154,HATHWAY,HATHWAY,INE982F01036
3892,HATSUN,HATSUN,INE473B01035
9819,HAVELLS,HAVELLS,INE176B01034
7457,HAVISHA,HAVISHA,INE293B01029
13966,HBLENGINE,HBLENGINE,INE292B01021
4116,HBSL,HBSL,INE550B01022
1375,HCC,HCC,INE549A01026
15555,HCG,HCG,INE075I01017
1327,HCL-INSYS,HCL-INSYS,INE236A01020
7229,HCLTECH,HCLTECH,INE860A01027
757772,HDBFS,HDBFS,INE756I01012
4244,HDFCAMC,HDFCAMC,INE127D01025
1333,HDFCBANK,HDFCBANK,INE040A01034
467,HDFCLIFE,HDFCLIFE,INE795G01014
19205,HEADSUP,HEADSUP,INE759V01019
7425,HECPROJECT,HECPROJECT,INE558R01013
1336,HEG,HEG,INE545A01024
2316,HEIDELBERG,HEIDELBERG,INE578A01017
701,HEMIPROP,HEMIPROP,INE0AJG01018
2614,HERANBA,HERANBA,INE694N01015
4598,HERITGFOOD,HERITGFOOD,INE978A01027
1348,HEROMOTOCO,HEROMOTOCO,INE158A01026
7048,HESTERBIO,HESTERBIO,INE782E01017
27008,HEXATRADEX,HEXATRADEX,INE750M01017
29666,HEXT,HEXT,INE093A01041
21951,HFCL,HFCL,INE548A01028
1672,HGINFRA,HGINFRA,INE926X01010
13592,HGM,HGM,INE596H01014
14712,HGS,HGS,INE170I01016
9668,HIKAL,HIKAL,INE475B01022
759103,HILINFRA,HILINFRA,INE00RL01028
14627,HILTON,HILTON,INE788H01017
1360,HIMATSEIDE,HIMATSEIDE,INE049A01027
1363,HINDALCO,HINDALCO,INE038A01020
1372,HINDCOMPOS,HINDCOMPOS,INE310C01029
4920,HINDCON,HINDCON,INE642Y01029
17939,HINDCOPPER,HINDCOPPER,INE531E01026
1403,HINDOILEXP,HINDOILEXP,INE345A01011
1406,HINDPETRO,HINDPETRO,INE094A01015
1394,HINDUNILVR,HINDUNILVR,INE030A01027
15883,HINDWAREAP,HINDWAREAP,INE05AN01011
1424,HINDZINC,HINDZINC,INE267A01025
13890,HIRECT,HIRECT,INE835D01023
19322,HISARMETAL,HISARMETAL,INE598C01011
2868,HITECH,HITECH,INE106T01025
15161,HITECHCORP,HITECHCORP,INE120D01012
2289,HLEGLAS,HLEGLAS,INE461D01028
1448,HLVLTD,HLVLTD,INE102A01024
17053,HMAAGRO,HMAAGRO,INE0ECP01024
19211,HMVL,HMVL,INE871K01015
12173,HNDFDS,HNDFDS,INE254N01026
2056,HOMEFIRST,HOMEFIRST,INE481N01025
19813,HONASA,HONASA,INE0J5401028
3417,HONAUT,HONAUT,INE671A01010
3138,HONDAPOWER,HONDAPOWER,INE634A01018
7376,HPAL,HPAL,INE0GSL01024
11796,HPIL,HPIL,INE05X901010
18679,HPL,HPL,INE495S01016
14334,HSCL,HSCL,INE019C01026
11979,HTMEDIA,HTMEDIA,INE501G01024
14203,HUBTOWN,HUBTOWN,INE703H01016
20825,HUDCO,HUDCO,INE031A01017
2562,HUHTAMAKI,HUHTAMAKI,INE275B01026
12809,HYBRIDFIN,HYBRIDFIN,INE965B01022
25844,HYUNDAI,HYUNDAI,INE0V6F01027
24999,IBULLSLTD,IBULLSLTD,INE126M01010
489,ICEMAKE,ICEMAKE,INE520Y01019
760407,ICICIAMC,ICICIAMC,INE346A01027
4963,ICICIBANK,ICICIBANK,INE090A01021
21770,ICICIGI,ICICIGI,INE765G01017
18652,ICICIPRULI,ICICIPRULI,INE726G01019
11987,ICIL,ICIL,INE483B01026
14523,ICRA,ICRA,INE725G01011
1476,IDBI,IDBI,INE008A01015
14366,IDEA,IDEA,INE669E01016
17140,IDEAFORGE,IDEAFORGE,INE349Y01013
11184,IDFCFIRSTB,IDFCFIRSTB,INE092T01019
220,IEX,IEX,INE022Q01020
1482,IFBAGRO,IFBAGRO,INE076C01018
1485,IFBIND,IFBIND,INE559A01017
1491,IFCI,IFCI,INE039A01010
436,IFGLEXPOR,IFGLEXPOR,INE133Y01011
634,IGARASHI,IGARASHI,INE188B01013
757801,IGCL,IGCL,INE05J901018
28378,IGIL,IGIL,INE0Q9301021
11262,IGL,IGL,INE203G01027
14086,IGPL,IGPL,INE204A01010
11809,IIFL,IIFL,INE530B01024
13072,IIFLCAPS,IIFLCAPS,INE489L01022
19525,IITL,IITL,INE886A01014
16822,IKIO,IKIO,INE0LOJ01019
28125,IKS,IKS,INE115Q01022
7672,IMAGICAA,IMAGICAA,INE172N01012
19235,IMFA,IMFA,INE919H01018
12009,IMPAL,IMPAL,INE547E01014
761099,INA,INA,INE0LGX01024
17507,INCREDIBLE,INCREDIBLE,INE452L01012
16933,INDBANK,INDBANK,INE841B01017
23693,INDGN,INDGN,INE065X01017
1512,INDHOTEL,INDHOTEL,INE053A01029
1515,INDIACEM,INDIACEM,INE383A01012
1521,INDIAGLYCO,INDIAGLYCO,INE560A01023
10726,INDIAMART,INDIAMART,INE933S01016
14309,INDIANB,INDIANB,INE562A01011
4422,INDIANCARD,INDIANCARD,INE061A01014
1530,INDIANHUME,INDIANHUME,INE323C01030
20556,INDIASHLTR,INDIASHLTR,INE922K01024
11195,INDIGO,INDIGO,INE646L01027
2048,INDIGOPNTS,INDIGOPNTS,INE09VQ01012
757845,INDIQUBE,INDIQUBE,INE06ST01018
4747,INDNIPPON,INDNIPPON,INE092B01025
9116,INDOAMIN,INDOAMIN,INE760F01028
8614,INDOBORAX,INDOBORAX,INE803D01021
11677,INDOCO,INDOCO,INE873D01024
29025,INDOFARM,INDOFARM,INE622H01018
10993,INDORAMA,INDORAMA,INE156A01020
3088,INDOSTAR,INDOSTAR,INE896L01010
13275,INDOTECH,INDOTECH,INE332H01014
25608,INDOTHAI,INDOTHAI,INE337M01021
25503,INDOUS,INDOUS,INE250Z01010
14952,INDOWIND,INDOWIND,INE227G01018
4751,INDRAMEDCO,INDRAMEDCO,INE681B01017
4870,INDSWFTLAB,INDSWFTLAB,INE915B01019
21957,INDTERRAIN,INDTERRAIN,INE611L01021
5258,INDUSINDBK,INDUSINDBK,INE095A01012
29135,INDUSTOWER,INDUSTOWER,INE121J01017
11027,INFOBEAN,INFOBEAN,INE344S01016
13693,INFOMEDIA,INFOMEDIA,INE669A01022
1594,INFY,INFY,INE009A01021
1597,INGERRAND,INGERRAND,INE177A01018
21062,INNOVACAP,INNOVACAP,INE0DUT01020
27754,INNOVANA,INNOVANA,INE403Y01018
761528,INNOVISION,INNOVISION,INE0ADB01012
12188,INOXGREEN,INOXGREEN,INE510W01014
20607,INOXINDIA,INOXINDIA,INE616N01034
7852,INOXWIND,INOXWIND,INE066P01011
14657,INSECTICID,INSECTICID,INE070I01018
5926,INTELLECT,INTELLECT,INE306R01017
20071,INTENTECH,INTENTECH,INE781A01025
24909,INTERARCH,INTERARCH,INE00M901018
5606,INTLCONV,INTLCONV,INE575C01027
24870,INVENTURE,INVENTURE,INE878H01024
9348,IOB,IOB,INE565A01014
1624,IOC,IOC,INE242A01010
20413,IOLCP,IOLCP,INE485C01029
1630,IONEXCHANG,IONEXCHANG,INE570A01022
1633,IPCALAB,IPCALAB,INE571A01038
4934,IPL,IPL,INE0D6701023
15313,IRB,IRB,INE821I01022
4986,IRCON,IRCON,INE962Y01021
13611,IRCTC,IRCTC,INE335Y01020
20261,IREDA,IREDA,INE202E01016
2029,IRFC,IRFC,INE053F01010
6489,IRIS,IRIS,INE864K01010
2275,IRISDOREME,IRISDOREME,INE01GN01025
19597,IRMENERGY,IRMENERGY,INE07U701015
18479,ISFT,ISFT,INE566K01011
3329,ISGEC,ISGEC,INE858B01029
30249,ISHANCH,ISHANCH,INE561M01018
1660,ITC,ITC,INE154A01025
29251,ITCHOTELS,ITCHOTELS,INE379A01028
19299,ITDC,ITDC,INE353K01014
1675,ITI,ITI,INE248A01017
759041,IVALUE,IVALUE,INE056801025
6711,IVC,IVC,INE050B01023
1681,IVP,IVP,INE043C01018
24067,IXIGO,IXIGO,INE0HV901016
5633,J&KBANK,J&KBANK,INE168A01041
13211,JAGRAN,JAGRAN,INE199G01027
4410,JAGSNPHARM,JAGSNPHARM,INE048B01035
11256,JAIBALAJI,JAIBALAJI,INE091G01026
5143,JAICORPLTD,JAICORPLTD,INE070D01027
759244,JAINREC,JAINREC,INE0YD401026
5516,JAIPURKURT,JAIPURKURT,INE696V01013
20778,JAMNAAUTO,JAMNAAUTO,INE039C01032
759951,JARO,JARO,INE00YJ01010
13982,JASH,JASH,INE039O01029
4041,JAYAGROGN,JAYAGROGN,INE785A01026
1708,JAYBARMARU,JAYBARMARU,INE571B01036
760073,JAYKAY,JAYKAY,INE903A01025
2331,JAYNECOIND,JAYNECOIND,INE854B01010
1720,JAYSREETEA,JAYSREETEA,INE364A01020
1726,JBCHEPHARM,JBCHEPHARM,INE572A01036
11655,JBMA,JBMA,INE927D01051
7211,JETFREIGHT,JETFREIGHT,INE982V01025
23056,JGCHEM,JGCHEM,INE0MB501011
13720,JHS,JHS,INE544H01014
11743,JINDALPHOT,JINDALPHOT,INE796G01012
1756,JINDALPOLY,JINDALPOLY,INE197D01010
3024,JINDALSAW,JINDALSAW,INE324A01032
6733,JINDALSTEL,JINDALSTEL,INE749A01030
13875,JINDRILL,JINDRILL,INE742C01031
20642,JINDWORLD,JINDWORLD,INE247D01039
18143,JIOFIN,JIOFIN,INE758E01017
10397,JISLJALEQS,JISLJALEQS,INE175A01038
13270,JKCEMENT,JKCEMENT,INE823G01014
15266,JKIL,JKIL,INE576I01022
759205,JKIPL,JKIPL,INE1FF001016
13491,JKLAKSHMI,JKLAKSHMI,INE786A01032
11860,JKPAPER,JKPAPER,INE789E01012
14435,JKTYRE,JKTYRE,INE573A01042
18553,JLHL,JLHL,INE682M01012
7109,JMA,JMA,INE412C01023
13637,JMFINANCIL,JMFINANCIL,INE780C01023
23621,JNKINDIA,JNKINDIA,INE0OAF01028
16927,JOCIL,JOCIL,INE839G01010
31507,JPOLYINVST,JPOLYINVST,INE147P01019
11763,JPPOWER,JPPOWER,INE351F01018
22663,JSFB,JSFB,INE953L01027
11236,JSL,JSL,INE220G01021
758115,JSLL,JSLL,INE0J5801029
758460,JSWCEMENT,JSWCEMENT,INE718I01012
1467,JSWDULUX,JSWDULUX,INE133A01011
17869,JSWENERGY,JSWENERGY,INE121E01018
11880,JSWHL,JSWHL,INE824G01012
19020,JSWINFRA,JSWINFRA,INE880J01026
11723,JSWSTEEL,JSWSTEEL,INE019A01038
3237,JTEKTINDIA,JTEKTINDIA,INE643A01035
7287,JTLIND,JTLIND,INE391J01032
29590,JUBLCPL,JUBLCPL,INE03CC01015
18096,JUBLFOOD,JUBLFOOD,INE797F01020
2783,JUBLINGREA,JUBLINGREA,INE0BY001018
3637,JUBLPHARMA,JUBLPHARMA,INE700A01033
22824,JUNIPER,JUNIPER,INE696F01016
29962,JUSTDIAL,JUSTDIAL,INE599M01018
20224,JWL,JWL,INE209L01016
15146,JYOTHYLAB,JYOTHYLAB,INE668F01031
21334,JYOTICNC,JYOTICNC,INE980O01024
1802,JYOTISTRUC,JYOTISTRUC,INE197A01024
1805,KABRAEXTRU,KABRAEXTRU,INE900B01029
1808,KAJARIACER,KAJARIACER,INE217B01036
1811,KAKATCEM,KAKATCEM,INE437B01014
18755,KALAMANDIR,KALAMANDIR,INE438K01021
758558,KALPATARU,KALPATARU,INE227J01012
15156,KALYANIFRG,KALYANIFRG,INE314G01014
2955,KALYANKJIL,KALYANKJIL,INE303R01014
1826,KAMATHOTEL,KAMATHOTEL,INE967C01018
13457,KAMDHENU,KAMDHENU,INE390H01020
13814,KAMOPAINTS,KAMOPAINTS,INE0BTI01037
25786,KANANIIND,KANANIIND,INE879E01037
1835,KANORICHEM,KANORICHEM,INE138C01024
1782,KANPRPLA,KANPRPLA,INE694E01014
1196,KANSAINER,KANSAINER,INE531A01024
24385,KARMAENG,KARMAENG,INE725L01011
1838,KARURVYSYA,KARURVYSYA,INE036D01028
15136,KAUSHALYA,KAUSHALYA,INE234I01028
10276,KAYA,KAYA,INE587G01015
12092,KAYNES,KAYNES,INE918Z01012
1841,KCP,KCP,INE805C01028
4809,KCPSUGIND,KCPSUGIND,INE790B01024
14908,KDDL,KDDL,INE291D01011
13260,KEC,KEC,INE389H01022
18220,KECL,KECL,INE134B01017
778,KEEPLEARN,KEEPLEARN,INE055C01020
13310,KEI,KEI,INE878B01027
13430,KELLTONTEC,KELLTONTEC,INE164B01030
13121,KERNEX,KERNEX,INE202H01019
1859,KESORAMIND,KESORAMIND,INE087A01019
4157,KEYFINSERV,KEYFINSERV,INE681C01015
13359,KFINTECH,KFINTECH,INE138Y01010
425,KHADIM,KHADIM,INE834I01025
896,KHAICHEM,KHAICHEM,INE745B01028
3912,KHAITANLTD,KHAITANLTD,INE731C01018
9641,KHANDSE,KHANDSE,INE060B01014
21119,KICL,KICL,INE029L01018
19937,KILITCH,KILITCH,INE729D01010
4847,KIMS,KIMS,INE967H01025
18944,KINGFA,KINGFA,INE473D01015
19126,KIOCL,KIOCL,INE880L01014
16639,KIRIINDUS,KIRIINDUS,INE415I01015
18581,KIRLOSBROS,KIRLOSBROS,INE732A01036
20936,KIRLOSENG,KIRLOSENG,INE146L01010
19025,KIRLOSIND,KIRLOSIND,INE250A01039
15180,KIRLPNU,KIRLPNU,INE811A01020
28899,KITEX,KITEX,INE602G01020
13381,KKCL,KKCL,INE401H01017
27084,KMEW,KMEW,INE0CJD01029
14667,KMSUGAR,KMSUGAR,INE157H01023
760923,KNAGRI,KNAGRI,INE0KNW01016
15283,KNRCON,KNRCON,INE634I01029
3009,KOHINOOR,KOHINOOR,INE080B01012
16827,KOKUYOCMLN,KOKUYOCMLN,INE760A01029
15124,KOLTEPATIL,KOLTEPATIL,INE094I01018
1919,KOPRAN,KOPRAN,INE082A01010
1922,KOTAKBANK,KOTAKBANK,INE237A01036
11647,KOTARISUG,KOTARISUG,INE419A01022
4594,KOTHARIPET,KOTHARIPET,INE720A01015
5528,KOTHARIPRO,KOTHARIPRO,INE823A01017
761335,KOTYARK,KOTYARK,INE0J0B01017
27079,KPEL,KPEL,INE127T01021
5108,KPIGREEN,KPIGREEN,INE542W01025
1814,KPIL,KPIL,INE220B01022
9683,KPITTECH,KPITTECH,INE04I401011
14912,KPRMILL,KPRMILL,INE930H01031
10577,KRBL,KRBL,INE001B01026
1937,KREBSBIO,KREBSBIO,INE268B01013
11480,KRIDHANINF,KRIDHANINF,INE524L01026
12847,KRISHANA,KRISHANA,INE506W01012
756782,KRISHIVAL,KRISHIVAL,INE0GGO01015
761192,KRISHNADEF,KRISHNADEF,INE0J5601015
6417,KRITI,KRITI,INE479D01038
9288,KRITIKA,KRITIKA,INE00Z501029
11432,KRITINUT,KRITINUT,INE798K01010
25643,KRN,KRN,INE0Q3J01015
24025,KRONOX,KRONOX,INE0ATZ01017
25252,KROSS,KROSS,INE0O6601022
5359,KRSNAA,KRSNAA,INE08LI01020
23175,KRYSTAL,KRYSTAL,INE0QN801017
1949,KSB,KSB,INE999A01023
14972,KSCL,KSCL,INE455I01029
760433,KSHINTL,KSHINTL,INE987S01020
18889,KSL,KSL,INE907A01026
11060,KSOLVES,KSOLVES,INE0D6I01023
8054,KTKBANK,KTKBANK,INE614B01018
13870,KUANTUM,KUANTUM,INE529I01021
760946,KWIL,KWIL,INE2KCE01013
5865,LAGNAM,LAGNAM,INE548Z01017
14924,LAL,LAL,INE740X01023
11654,LALPATHLAB,LALPATHLAB,INE600L01024
6407,LAMBODHARA,LAMBODHARA,INE112F01022
13276,LANDMARK,LANDMARK,INE559R01029
17376,LANDSMILL,LANDSMILL,INE688J01023
14423,LAOPALA,LAOPALA,INE059D01020
21713,LASA,LASA,INE670X01014
6818,LATENTVIEW,LATENTVIEW,INE0I7C01011
15840,LATTEYS,LATTEYS,INE262Z01023
19234,LAURUSLABS,LAURUSLABS,INE947Q01028
29171,LAXMIDENTL,LAXMIDENTL,INE0WO601020
758863,LAXMIINDIA,LAXMIINDIA,INE06WU01026
760300,LEMERITE,LEMERITE,INE0G1L01017
2606,LEMONTREE,LEMONTREE,INE970X01018
759605,LENSKART,LENSKART,INE956O01016
7902,LFIC,LFIC,INE850E01012
18321,LGBBROSLTD,LGBBROSLTD,INE337A01034
760213,LGEINDIA,LGEINDIA,INE324D01010
19876,LGHL,LGHL,INE258Y01016
11082,LIBAS,LIBAS,INE908V01012
1994,LIBERTSHOE,LIBERTSHOE,INE557B01019
1997,LICHSGFIN,LICHSGFIN,INE115A01026
9480,LICI,LICI,INE0J1Y01017
6951,LINC,LINC,INE802B01027
11596,LINCOLN,LINCOLN,INE405C01035
1627,LINDEINDIA,LINDEINDIA,INE473A01011
17801,LLOYDSENGG,LLOYDSENGG,INE093R01011
25807,LLOYDSENT,LLOYDSENT,INE080I01025
17313,LLOYDSME,LLOYDSME,INE281B01032
1979,LMW,LMW,INE269B01029
3220,LODHA,LODHA,INE670K01029
13436,LOKESHMACH,LOKESHMACH,INE397H01017
18232,LORDSCHLO,LORDSCHLO,INE846D01012
758145,LOTUSDEV,LOTUSDEV,INE0V9Q01010
16807,LOTUSEYE,LOTUSEYE,INE947I01017
22415,LOVABLE,LOVABLE,INE597L01014
16863,LPDC,LPDC,INE197J01017
11483,LT,LT,INE018A01030
24948,LTF,LTF,INE498L01015
13816,LTFOODS,LTFOODS,INE818H01020
17818,LTM,LTM,INE214T01019
18564,LTTS,LTTS,INE010V01017
2018,LUMAXIND,LUMAXIND,INE162B01018
14014,LUMAXTECH,LUMAXTECH,INE872H01027
10440,LUPIN,LUPIN,INE326A01037
11301,LUXIND,LUXIND,INE150G01020
2841,LXCHEM,LXCHEM,INE576O01020
2028,LYKALABS,LYKALABS,INE933A01014
31468,LYPSAGEMS,LYPSAGEMS,INE142K01011
2031,M&M,M&M,INE101A01026
13285,M&MFIN,M&MFIN,INE774D01024
15017,MAANALU,MAANALU,INE215I01027
22347,MACPOWER,MACPOWER,INE155Z01011
15151,MADHAV,MADHAV,INE925C01016
13671,MADHUCON,MADHUCON,INE378D01032
4911,MADRASFERT,MADRASFERT,INE414A01015
21392,MAGADSUGAR,MAGADSUGAR,INE347W01011
14957,MAGNUM,MAGNUM,INE387I01016
11377,MAHABANK,MAHABANK,INE457A01014
5239,MAHAPEXLTD,MAHAPEXLTD,INE843B01013
17603,MAHEPC,MAHEPC,INE215D01010
9576,MAHESHWARI,MAHESHWARI,INE263W01010
8050,MAHLIFE,MAHLIFE,INE813A01018
385,MAHLOG,MAHLOG,INE766P01016
2085,MAHSCOOTER,MAHSCOOTER,INE288A01013
2088,MAHSEAMLES,MAHSEAMLES,INE271B01025
24538,MAITHANALL,MAITHANALL,INE683C01011
7965,MALLCOM,MALLCOM,INE389C01015
13352,MALUPAPER,MALUPAPER,INE383H01017
28687,MAMATA,MAMATA,INE0TO701015
7413,MANAKCOAT,MANAKCOAT,INE830Q01018
15199,MANAKSIA,MANAKSIA,INE015D01022
7463,MANAKSTEEL,MANAKSTEEL,INE824Q01011
13796,MANALIPETC,MANALIPETC,INE201A01024
19061,MANAPPURAM,MANAPPURAM,INE522D01027
25597,MANBA,MANBA,INE939X01013
24823,MANCREDIT,MANCREDIT,INE545L01039
2106,MANGLMCEM,MANGLMCEM,INE347A01017
11884,MANINDS,MANINDS,INE993A01026
18226,MANINFRA,MANINFRA,INE949H01023
15380,MANKIND,MANKIND,INE634S01028
13753,MANOMAY,MANOMAY,INE784W01015
10227,MANORAMA,MANORAMA,INE00VM01036
6422,MANORG,MANORG,INE370D01013
13572,MANUGRAPH,MANUGRAPH,INE867A01022
8167,MANYAVAR,MANYAVAR,INE825V01034
7227,MAPMYINDIA,MAPMYINDIA,INE0BV301023
2112,MARALOVER,MARALOVER,INE882A01013
18659,MARATHON,MARATHON,INE182D01020
4067,MARICO,MARICO,INE196A01026
1328,MARINE,MARINE,INE01JE01028
760204,MARKOLINES,MARKOLINES,INE0FW001016
10579,MARKSANS,MARKSANS,INE750C01026
761386,MARSONS,MARSONS,INE415B01044
10999,MARUTI,MARUTI,INE585B01010
199,MASFIN,MASFIN,INE348L01012
18727,MASKINVEST,MASKINVEST,INE885F01015
2124,MASTEK,MASTEK,INE759A01021
27047,MASTERTR,MASTERTR,INE677D01037
21726,MATRIMONY,MATRIMONY,INE866R01028
17022,MAWANASUG,MAWANASUG,INE636A01039
19646,MAXESTATES,MAXESTATES,INE03EI01018
22377,MAXHEALTH,MAXHEALTH,INE027H01010
22428,MAXIND,MAXIND,INE0CG601016
28906,MAYURUNIQ,MAYURUNIQ,INE040D01038
18866,MAZDA,MAZDA,INE885E01042
509,MAZDOCK,MAZDOCK,INE249Z01020
12686,MBAPL,MBAPL,INE900L01010
758150,MBEL,MBEL,INE08N601015
18029,MBLINFRA,MBLINFRA,INE912H01013
11943,MCLEODRUSS,MCLEODRUSS,INE942G01012
29482,MCLOUD,MCLOUD,INE613C01026
31181,MCX,MCX,INE745G01043
11956,MEDANTA,MEDANTA,INE474Q01031
21705,MEDIASSIST,MEDIASSIST,INE456Z01021
6278,MEDICAMEQ,MEDICAMEQ,INE646B01010
9667,MEDICO,MEDICO,INE630Y01024
7254,MEDPLUS,MEDPLUS,INE804L01022
760229,MEESHO,MEESHO,INE0VDM01015
8153,MEGASTAR,MEGASTAR,INE00EM01016
758748,MEIL,MEIL,INE0PKD01011
6961,MENONBE,MENONBE,INE071D01033
7242,METROBRAND,METROBRAND,INE317I01021
9581,METROPOLIS,METROPOLIS,INE112L01020
24937,MFML,MFML,INE0US801024
2142,MFSL,MFSL,INE180A01020
1593,MGEL,MGEL,INE0APB01032
17534,MGL,MGL,INE002S01010
7886,MHLXMIRU,MHLXMIRU,INE112D01035
17333,MHRIL,MHRIL,INE998I01010
7169,MICEL,MICEL,INE287C01037
2463,MIDHANI,MIDHANI,INE099Z01011
759517,MIDWESTLTD,MIDWESTLTD,INE0XAD01024
25897,MINDACORP,MINDACORP,INE842C01021
18049,MINDTECK,MINDTECK,INE110B01017
2202,MIRCELECTR,MIRCELECTR,INE831A01028
4394,MIRZAINT,MIRZAINT,INE771A01026
8469,MITCON,MITCON,INE828O01033
18562,MITTAL,MITTAL,INE997Y01027
16736,MKPL,MKPL,INE964W01021
13844,MMFL,MMFL,INE227C01017
16395,MMP,MMP,INE511Y01018
17957,MMTC,MMTC,INE123F01029
28046,MOBIKWIK,MOBIKWIK,INE0HLU01028
760277,MODINATUR,MODINATUR,INE537F01012
2229,MODIRUBBER,MODIRUBBER,INE832A01018
759752,MODIS,MODIS,INE0L0L01012
3316,MODISONLTD,MODISONLTD,INE737D01021
2241,MODTHREAD,MODTHREAD,INE794W01014
29423,MOHITIND,MOHITIND,INE954E01012
20830,MOIL,MOIL,INE490G01020
3586,MOKSH,MOKSH,INE514Y01020
5394,MOL,MOL,INE0CT101020
17625,MOLDTECH,MOLDTECH,INE835B01035
6713,MOLDTKPAC,MOLDTKPAC,INE893J01029
7679,MONARCH,MONARCH,INE903D01011
759381,MONEYBOXX,MONEYBOXX,INE296Q01012
5938,MONTECARLO,MONTECARLO,INE950M01013
2259,MOREPENLAB,MOREPENLAB,INE083A01026
29459,MOSCHIP,MOSCHIP,INE935B01025
4204,MOTHERSON,MOTHERSON,INE775A01035
14947,MOTILALOFS,MOTILALOFS,INE338I01027
20788,MOTISONS,MOTISONS,INE0FRK01020
2268,MOTOGENFIN,MOTOGENFIN,INE861B01023
4503,MPHASIS,MPHASIS,INE356A01018
10578,MPSLTD,MPSLTD,INE943D01017
2277,MRF,MRF,INE883A01011
2283,MRPL,MRPL,INE103A01014
11919,MSPL,MSPL,INE752G01015
9356,MSTCLTD,MSTCLTD,INE255X01014
8596,MSUMI,MSUMI,INE0FS801015
2709,MTARTECH,MTARTECH,INE864I01014
2294,MTNL,MTNL,INE153A01019
19783,MUFIN,MUFIN,INE08KJ01020
20878,MUFTI,MUFTI,INE220Q01020
11325,MUKANDLTD,MUKANDLTD,INE304A01026
22980,MUKKA,MUKKA,INE0CG401037
8687,MUKTAARTS,MUKTAARTS,INE374B01019
13511,MUNJALAU,MUNJALAU,INE672B01032
2307,MUNJALSHOW,MUNJALSHOW,INE577A01027
2313,MURUDCERA,MURUDCERA,INE692B01014
10415,MUTHOOTCAP,MUTHOOTCAP,INE296G01013
23650,MUTHOOTFIN,MUTHOOTFIN,INE414G01012
20831,MUTHOOTMF,MUTHOOTMF,INE046W01019
19015,MVGJL,MVGJL,INE0KNT01012
759169,MWL,MWL,INE0JYY01011
20425,NACLIND,NACLIND,INE295D01020
14942,NAGREEKCAP,NAGREEKCAP,INE245I01016
14702,NAGREEKEXP,NAGREEKEXP,INE123B01028
15360,NAHARCAP,NAHARCAP,INE049I01012
13106,NAHARINDUS,NAHARINDUS,INE289A01011
14445,NAHARPOLY,NAHARPOLY,INE308A01027
14440,NAHARSPING,NAHARSPING,INE290A01027
357,NAM-INDIA,NAM-INDIA,INE298J01013
11627,NARMADA,NARMADA,INE117Z01011
29583,NATCAPSUQ,NATCAPSUQ,INE936B01015
3918,NATCOPHARM,NATCOPHARM,INE987B01026
11065,NATHBIOGEN,NATHBIOGEN,INE448G01010
6364,NATIONALUM,NATIONALUM,INE139A01034
13751,NAUKRI,NAUKRI,INE663F01032
4014,NAVA,NAVA,INE725A01030
14672,NAVINFLUOR,NAVINFLUOR,INE048G01026
10557,NAVKARCORP,NAVKARCORP,INE278M01019
29146,NAVKARURB,NAVKARURB,INE268H01044
2385,NAVNETEDUL,NAVNETEDUL,INE060A01024
2987,NAZARA,NAZARA,INE418L01047
31415,NBCC,NBCC,INE095N01031
19111,NBIFIN,NBIFIN,INE365I01020
2319,NCC,NCC,INE868B01028
14490,NCLIND,NCLIND,INE732C01016
18371,NDGL,NDGL,INE756C01015
31258,NDL,NDL,INE875G01048
14547,NDLVENTURE,NDLVENTURE,INE353A01023
22255,NDRAUTO,NDRAUTO,INE07OG01012
11427,NDTV,NDTV,INE155G01029
13522,NECCLTD,NECCLTD,INE553C01016
11927,NECLIFE,NECLIFE,INE023H01027
14761,NELCAST,NELCAST,INE189I01024
2388,NELCO,NELCO,INE045B01015
9917,NEOGEN,NEOGEN,INE136S01016
760346,NEPHROPLUS,NEPHROPLUS,INE428V01029
15409,NESCO,NESCO,INE317F01035
17963,NESTLEIND,NESTLEIND,INE239A01024
17433,NETWEB,NETWEB,INE0NT901020
14111,NETWORK18,NETWORK18,INE870H01013
2406,NEULANDLAB,NEULANDLAB,INE794A01010
1164,NEWGEN,NEWGEN,INE619B01017
9867,NEXTMEDIA,NEXTMEDIA,INE747B01016
13925,NFL,NFL,INE870D01012
5401,NGIL,NGIL,INE236Y01012
10277,NGLFINE,NGLFINE,INE887E01022
11840,NH,NH,INE410P01011
17400,NHPC,NHPC,INE848E01016
399,NIACL,NIACL,INE470Y01017
29487,NIBE,NIBE,INE149O01018
29733,NIBL,NIBL,INE047O01014
11522,NIITLTD,NIITLTD,INE161A01038
17747,NIITMTS,NIITMTS,INE342G01023
9253,NILAINFRA,NILAINFRA,INE937C01029
7411,NILASPACES,NILASPACES,INE00S901012
2421,NILKAMAL,NILKAMAL,INE310A01015
761720,NIMBSPROJ,NIMBSPROJ,INE875B01015
14194,NINSYS,NINSYS,INE395U01014
6782,NIPPOBATRY,NIPPOBATRY,INE567A01028
255,NIRAJ,NIRAJ,INE368I01016
13300,NITCO,NITCO,INE858F01012
13175,NITINSPIN,NITINSPIN,INE229H01012
3247,NITIRAJ,NITIRAJ,INE439T01012
27097,NIVABUPA,NIVABUPA,INE995S01015
2439,NKIND,NKIND,INE542C01019
8585,NLCINDIA,NLCINDIA,INE589A01014
15332,NMDC,NMDC,INE584A01023
2442,NOCIL,NOCIL,INE163A01018
10786,NOIDATOLL,NOIDATOLL,INE781B01015
4160,NORBTEAEXP,NORBTEAEXP,INE369C01017
25426,NORTHARC,NORTHARC,INE850M01015
22477,NOVAAGRI,NOVAAGRI,INE02H701025
756324,NPST,NPST,INE0FFK01017
20314,NRAIL,NRAIL,INE740D01017
7553,NRBBEARING,NRBBEARING,INE349A01021
13675,NRL,NRL,INE0JM501013
11239,NSIL,NSIL,INE023A01030
14180,NSLNISP,NSLNISP,INE0NNS01018
11630,NTPC,NTPC,INE733E01010
27176,NTPCGREEN,NTPCGREEN,INE0ONG01011
10791,NUCLEUS,NUCLEUS,INE096B01018
2350,NURECA,NURECA,INE0DSF01015
18721,NUVAMA,NUVAMA,INE531F01023
5426,NUVOCO,NUVOCO,INE118D01016
6545,NYKAA,NYKAA,INE388Y01029
10768,OAL,OAL,INE959C01023
8797,OBCL,OBCL,INE426Z01016
20242,OBEROIRLTY,OBEROIRLTY,INE093I01010
25918,OCCLLTD,OCCLLTD,INE0PK601023
27571,ODIGMA,ODIGMA,INE054301028
10738,OFSS,OFSS,INE881D01027
17438,OIL,OIL,INE274J01014
2472,OILCOUNTUB,OILCOUNTUB,INE591A01010
24777,OLAELEC,OLAELEC,INE0LXG01040
10637,OLECTRA,OLECTRA,INE260D01016
10922,OMAXAUTO,OMAXAUTO,INE090B01011
14853,OMAXE,OMAXE,INE800H01010
759411,OMFREIGHT,OMFREIGHT,INE1BZC01019
24231,OMINFRAL,OMINFRAL,INE239D01028
760865,OMNI,OMNI,INE0UH301010
25492,ONELIFECAP,ONELIFECAP,INE912L01015
9939,ONEPOINT,ONEPOINT,INE840Y01029
29224,ONESOURCE,ONESOURCE,INE013P01021
2475,ONGC,ONGC,INE213A01029
15278,ONMOBILE,ONMOBILE,INE809I01019
2481,ONWARDTEC,ONWARDTEC,INE229A01017
21469,OPTIEMUS,OPTIEMUS,INE350C01017
31475,ORBTEXP,ORBTEXP,INE231G01010
29492,ORCHASP,ORCHASP,INE215B01022
926,ORCHPHARMA,ORCHPHARMA,INE191A01027
10159,ORICONENT,ORICONENT,INE730A01022
14346,ORIENTALTL,ORIENTALTL,INE998H01012
14278,ORIENTBELL,ORIENTBELL,INE607D01018
30089,ORIENTCEM,ORIENTCEM,INE876N01018
13111,ORIENTCER,ORIENTCER,INE569C01020
2972,ORIENTELEC,ORIENTELEC,INE142Z01019
2493,ORIENTHOT,ORIENTHOT,INE750A01020
18208,ORIENTLTD,ORIENTLTD,INE609C01024
2496,ORIENTPPR,ORIENTPPR,INE592A01026
24961,ORIENTTECH,ORIENTTECH,INE0PPK01015
19931,ORISSAMINE,ORISSAMINE,INE725E01024
759569,ORKLAINDIA,ORKLAINDIA,INE16NZ01023
12635,OSIAHYPER,OSIAHYPER,INE06IR01021
2514,OSWALAGRO,OSWALAGRO,INE142A01012
471,OSWALGREEN,OSWALGREEN,INE143A01010
756802,OSWALPUMPS,OSWALPUMPS,INE0BYP01024
14305,OSWALSEEDS,OSWALSEEDS,INE00IK01029
759342,PACEDIGITK,PACEDIGITK,INE0S3G01027
14413,PAGEIND,PAGEIND,INE761H01022
25468,PAISALO,PAISALO,INE420C01059
17197,PAKKA,PAKKA,INE551D01018
21383,PALASHSECU,PALASHSECU,INE471W01019
17062,PALREDTEC,PALREDTEC,INE218G01033
4055,PANACEABIO,PANACEABIO,INE922B01023
25392,PANAMAPET,PANAMAPET,INE305C01029
6141,PANSARI,PANSARI,INE697V01011
5631,PAR,PAR,INE04LG01015
13951,PARACABLES,PARACABLES,INE074B01023
9741,PARADEEP,PARADEEP,INE088F01024
17130,PARAGMILK,PARAGMILK,INE883N01014
5911,PARAS,PARAS,INE045601023
760351,PARKHOSPS,PARKHOSPS,INE119201023
22649,PARKHOTELS,PARKHOTELS,INE988S01028
13791,PARSVNATH,PARSVNATH,INE561H01026
757955,PASHUPATI,PASHUPATI,INE124Y01010
6045,PASUPTAC,PASUPTAC,INE818B01023
17029,PATANJALI,PATANJALI,INE619A01035
11699,PATELENG,PATELENG,INE244B01030
759439,PATELRMART,PATELRMART,INE0R8B01010
15219,PATINTLOG,PATINTLOG,INE529D01014
759969,PAUSHAKLTD,PAUSHAKLTD,INE111F01024
16192,PAVNAIND,PAVNAIND,INE07S101038
6705,PAYTM,PAYTM,INE982J01020
2649,PCBL,PCBL,INE602A01031
29124,PCJEWELLER,PCJEWELLER,INE785M01021
15377,PDMJEPAPER,PDMJEPAPER,INE865T01018
5264,PDSL,PDSL,INE111Q01021
2610,PEARLPOLY,PEARLPOLY,INE844A01013
20621,PENIND,PENIND,INE932A01024
2256,PENINLAND,PENINLAND,INE138A01028
18365,PERSISTENT,PERSISTENT,INE262H01021
11351,PETRONET,PETRONET,INE347G01014
14299,PFC,PFC,INE134E01011
2643,PFIZER,PFIZER,INE182A01018
13496,PFOCUS,PFOCUS,INE367G01038
22602,PFS,PFS,INE560K01014
25358,PGEL,PGEL,INE457L01029
2535,PGHH,PGHH,INE179A01014
940,PGHL,PGHL,INE199A01012
14260,PGIL,PGIL,INE940H01022
14552,PHOENIXLTD,PHOENIXLTD,INE211B01039
757754,PICCADIL,PICCADIL,INE546C01010
2664,PIDILITIND,PIDILITIND,INE318A01026
15716,PIGL,PIGL,INE557Z01018
24184,PIIND,PIIND,INE603J01030
11445,PILANIINVS,PILANIINVS,INE417C01014
30835,PILITA,PILITA,INE600A01035
759820,PINELABS,PINELABS,INE15B701018
13463,PIONEEREMB,PIONEEREMB,INE156C01018
759551,PIRAMALFIN,PIRAMALFIN,INE202B01038
14134,PITTIENG,PITTIENG,INE450D01021
9087,PIXTRANS,PIXTRANS,INE751B01018
10321,PKTEA,PKTEA,INE431F01018
13920,PLASTIBLEN,PLASTIBLEN,INE083C01022
22930,PLATIND,PLATIND,INE0PT501018
19458,PLAZACABLE,PLAZACABLE,INE0INJ01017
10666,PNB,PNB,INE160A01022
8736,PNBGILTS,PNBGILTS,INE859A01011
18908,PNBHOUSING,PNBHOUSING,INE572E01012
9342,PNC,PNC,INE392B01011
9385,PNCINFRA,PNCINFRA,INE195J01029
25312,PNGJL,PNGJL,INE953R01016
760242,PNGSREVA,PNGSREVA,INE1RDG01013
14385,POCL,POCL,INE063E01053
19036,PODDARMENT,PODDARMENT,INE371C01013
17651,POKARNA,POKARNA,INE637C01025
6656,POLICYBZR,POLICYBZR,INE417T01026
9590,POLYCAB,POLYCAB,INE455K01017
25718,POLYMED,POLYMED,INE205C01021
2687,POLYPLEX,POLYPLEX,INE633B01018
10661,PONNIERODE,PONNIERODE,INE838E01017
11403,POONAWALLA,POONAWALLA,INE511C01022
14977,POWERGRID,POWERGRID,INE752E01010
761680,POWERICA,POWERICA,INE921L01032
18457,POWERINDIA,POWERINDIA,INE07Y701011
10473,POWERMECH,POWERMECH,INE211R01019
15209,PPAP,PPAP,INE095I01015
10297,PPL,PPL,INE050001010
11571,PPLPHARMA,PPLPHARMA,INE0DK501011
30134,PRABHA,PRABHA,INE0I0M01023
13941,PRAENG,PRAENG,INE505C01016
2705,PRAJIND,PRAJIND,INE074A01025
2708,PRAKASH,PRAKASH,INE603A01013
19599,PRAKASHSTL,PRAKASHSTL,INE696K01024
1204,PRAXIS,PRAXIS,INE546Y01022
12603,PRECAM,PRECAM,INE484I01029
2717,PRECWIRE,PRECWIRE,INE372C01037
17397,PREMEXPLN,PREMEXPLN,INE863B01029
25049,PREMIERENE,PREMIERENE,INE0BS701011
20302,PRESTIGE,PRESTIGE,INE811K01011
19631,PRICOLLTD,PRICOLLTD,INE726V01018
11864,PRIMESECU,PRIMESECU,INE032B01021
756925,PRIMO,PRIMO,INE607A01022
16045,PRINCEPIPE,PRINCEPIPE,INE689W01016
8304,PRITI,PRITI,INE974Z01015
5292,PRITIKAUTO,PRITIKAUTO,INE583R01029
8825,PRIVISCL,PRIVISCL,INE959A01019
758173,PROSTARM,PROSTARM,INE0BX301013
29472,PROTEAN,PROTEAN,INE004A01022
28859,PROZONER,PROZONER,INE195N01013
2739,PRSMJOHNSN,PRSMJOHNSN,INE010A01011
9553,PRUDENT,PRUDENT,INE00F201020
20527,PRUDMOULI,PRUDMOULI,INE024D01016
21001,PSB,PSB,INE608A01012
20877,PSPPROJECT,PSPPROJECT,INE488V01015
11355,PTC,PTC,INE877F01012
16682,PTCIL,PTCIL,INE596F01018
14101,PTL,PTL,INE034D01049
4344,PUNJABCHEM,PUNJABCHEM,INE277B01014
14922,PURVA,PURVA,INE323I01011
4010,PVP,PVP,INE362A01016
13147,PVRINOX,PVRINOX,INE191H01014
23142,PVSL,PVSL,INE772T01024
759723,PWL,PWL,INE0LP301011
18250,PYRAMID,PYRAMID,INE0MIS01010
29711,QPOWER,QPOWER,INE0SII01026
29087,QUADFUTURE,QUADFUTURE,INE0LRY01011
17704,QUESS,QUESS,INE615P01015
13116,QUICKHEAL,QUICKHEAL,INE306L01010
27171,RACLGEAR,RACLGEAR,INE704B01017
10932,RADAAN,RADAAN,INE874F01027
10343,RADHIKAJWE,RADHIKAJWE,INE583V01021
13580,RADIANTCMS,RADIANTCMS,INE855R01021
10990,RADICO,RADICO,INE944F01028
19877,RADIOCITY,RADIOCITY,INE919I01024
2431,RAILTEL,RAILTEL,INE0DD101019
15337,RAIN,RAIN,INE855B01025
9408,RAINBOW,RAINBOW,INE961O01016
2168,RAJMET,RAJMET,INE00KV01022
757049,RAJOOENG,RAJOOENG,INE535F01024
18962,RAJRATAN,RAJRATAN,INE451D01029
2809,RAJSREESUG,RAJSREESUG,INE562B01019
14403,RAJTV,RAJTV,INE952H01027
2816,RALLIS,RALLIS,INE613A01020
13565,RAMANEWS,RAMANEWS,INE278B01020
10568,RAMAPHO,RAMAPHO,INE809A01032
10300,RAMASTEEL,RAMASTEEL,INE230R01035
2043,RAMCOCEM,RAMCOCEM,INE331A01037
4587,RAMCOIND,RAMCOIND,INE614A01028
7851,RAMCOSYS,RAMCOSYS,INE246B01019
20134,RAMKY,RAMKY,INE874I01013
10485,RAMRAT,RAMRAT,INE207E01023
2837,RANASUG,RANASUG,INE625B01014
2844,RANEHOLDIN,RANEHOLDIN,INE384A01010
7177,RATEGAIN,RATEGAIN,INE0CLI01024
13451,RATNAMANI,RATNAMANI,INE703B01027
18423,RATNAVEER,RATNAVEER,INE05CZ01011
2859,RAYMOND,RAYMOND,INE301A01014
25073,RAYMONDLSL,RAYMONDLSL,INE02ID01020
758551,RAYMONDREL,RAYMONDREL,INE1SY401010
1494,RBA,RBA,INE07T201019
18391,RBLBANK,RBLBANK,INE976G01028
20874,RBZJEWEL,RBZJEWEL,INE0PEQ01016
2866,RCF,RCF,INE027A01015
15355,RECLTD,RECLTD,INE020B01018
14255,REDINGTON,REDINGTON,INE891D01026
17859,REDTAPE,REDTAPE,INE0LXT01019
17764,REFEX,REFEX,INE056I01025
758680,REGAAL,REGAAL,INE0MHO01029
4130,REGENCERAM,REGENCERAM,INE277C01012
24225,RELAXO,RELAXO,INE131B01039
9652,RELCHEMQ,RELCHEMQ,INE750D01016
24378,RELIABLE,RELIABLE,INE375Y01018
2885,RELIANCE,RELIANCE,INE002A01018
15068,RELIGARE,RELIGARE,INE621H01010
24596,RELTD,RELTD,INE206N01018
3965,REMSONSIND,REMSONSIND,INE474C01023
12026,RENUKA,RENUKA,INE087H01022
29598,REPCOHOME,REPCOHOME,INE612J01015
1480,REPL,REPL,INE364Z01019
13126,REPRO,REPRO,INE461B01014
20323,RESPONIND,RESPONIND,INE688D01026
24145,RETAIL,RETAIL,INE03DD01011
15129,RGL,RGL,INE722H01024
759062,RHETAN,RHETAN,INE0KKN01029
31163,RHIM,RHIM,INE743M01012
15157,RHL,RHL,INE508K01013
2909,RICOAUTO,RICOAUTO,INE209B01025
2912,RIIL,RIIL,INE046A01015
18417,RISHABH,RISHABH,INE0N2P01017
8944,RITCO,RITCO,INE01EG01016
3761,RITES,RITES,INE320J01015
20950,RKDL,RKDL,INE722J01012
1547,RKEC,RKEC,INE786W01010
11411,RKFORGE,RKFORGE,INE399G01023
23043,RKSWAMY,RKSWAMY,INE0NQ801033
757834,RMDRIP,RMDRIP,INE219Y01026
11975,RML,RML,INE050H01012
13182,ROHLTD,ROHLTD,INE283H01019
5279,ROLEXRINGS,ROLEXRINGS,INE645S01024
359,ROML,ROML,INE294G01026
19410,ROSSARI,ROSSARI,INE02A801020
28913,ROSSELLIND,ROSSELLIND,INE847C01020
27353,ROSSTECH,ROSSTECH,INE0OJW01016
9049,ROTO,ROTO,INE535D01037
128,ROUTE,ROUTE,INE450U01017
24735,RPEL,RPEL,INE912T01018
16725,RPGLIFE,RPGLIFE,INE105J01010
15259,RPOWER,RPOWER,INE614G01033
20760,RPPINFRA,RPPINFRA,INE324L01013
6913,RPPL,RPPL,INE760W01023
8119,RPSGVENT,RPSGVENT,INE425Y01011
22670,RPTECH,RPTECH,INE0J1F01024
18566,RRKABEL,RRKABEL,INE777K01022
761439,RSL,RSL,INE313L01016
6429,RSSOFTWARE,RSSOFTWARE,INE165B01029
2794,RSWM,RSWM,INE611A01016
13414,RSYSTEMS,RSYSTEMS,INE411H01032
27297,RTNINDIA,RTNINDIA,INE834M01019
17520,RTNPOWER,RTNPOWER,INE399K01017
24730,RUBFILA,RUBFILA,INE642C01025
759316,RUBICON,RUBICON,INE506V01022
2939,RUBYMILLS,RUBYMILLS,INE301D01026
4566,RUCHINFRA,RUCHINFRA,INE413B01023
13821,RUCHIRA,RUCHIRA,INE803H01014
760392,RUDRA,RUDRA,INE027T01023
25724,RUPA,RUPA,INE895B01021
24595,RUSHIL,RUSHIL,INE573K01025
12219,RUSTOMJEE,RUSTOMJEE,INE263M01029
1565,RVHL,RVHL,INE09E501017
9552,RVNL,RVNL,INE415G01027
25157,RVTH,RVTH,INE0DAB01012
759057,SAATVIKGL,SAATVIKGL,INE13B501022
10618,SADBHIN,SADBHIN,INE764L01010
15343,SADHNANIQ,SADHNANIQ,INE888C01040
13035,SAFARI,SAFARI,INE429E01023
8175,SAGARDEEP,SAGARDEEP,INE976T01013
14068,SAGCEM,SAGCEM,INE229C01021
27052,SAGILITY,SAGILITY,INE0W2G01015
761688,SAHLIBHFI,SAHLIBHFI,INE861D01011
14900,SAHYADRI,SAHYADRI,INE280H01015
2963,SAIL,SAIL,INE114A01011
27839,SAILIFE,SAILIFE,INE570L01029
761675,SAIPARENT,SAIPARENT,INE0H9F01037
9539,SAKAR,SAKAR,INE732S01012
2969,SAKHTISUG,SAKHTISUG,INE623A01011
11794,SAKSOFT,SAKSOFT,INE667G01023
13251,SAKUMA,SAKUMA,INE190H01024
21362,SALASAR,SALASAR,INE170V01027
17351,SALONA,SALONA,INE498E01010
11634,SALSTEEL,SALSTEEL,INE658G01014
11399,SALZERELEC,SALZERELEC,INE457F01013
4127,SAMBHAAV,SAMBHAAV,INE699B01027
757767,SAMBHV,SAMBHV,INE12NJ01018
18614,SAMHI,SAMHI,INE08U801020
30125,SAMMAANCAP,SAMMAANCAP,INE148I01020
27303,SAMPANN,SAMPANN,INE735M01018
28805,SANATHAN,SANATHAN,INE0JPD01013
2988,SANDESH,SANDESH,INE583B01015
2397,SANDHAR,SANDHAR,INE278H01035
18359,SANDUMA,SANDUMA,INE149K01016
4184,SANGAMIND,SANGAMIND,INE495C01010
14058,SANGHVIMOV,SANGHVIMOV,INE989A01032
1442,SANOFI,SANOFI,INE058A01010
25222,SANOFICONR,SANOFICONR,INE0UOS01011
5751,SANSERA,SANSERA,INE953O01021
24582,SANSTAR,SANSTAR,INE08NE01025
6718,SAPPHIRE,SAPPHIRE,INE806T01020
17758,SARDAEN,SARDAEN,INE385C01021
4892,SAREGAMA,SAREGAMA,INE979A01025
14043,SARLAPOLY,SARLAPOLY,INE453D01025
12913,SARVESHWAR,SARVESHWAR,INE324X01026
11983,SASKEN,SASKEN,INE231F01020
20063,SASTASUNDR,SASTASUNDR,INE019J01013
11045,SATIA,SATIA,INE170E01023
10453,SATIN,SATIN,INE836B01017
3018,SAURASHCEM,SAURASHCEM,INE626A01014
6792,SBC,SBC,INE04AK01028
4656,SBCL,SBCL,INE386D01027
18026,SBFC,SBFC,INE423Y01016
14139,SBGLP,SBGLP,INE05ST01028
17971,SBICARD,SBICARD,INE018E01016
21808,SBILIFE,SBILIFE,INE123W01016
3045,SBIN,SBIN,INE062A01020
1011,SCHAEFFLER,SCHAEFFLER,INE513A01022
20698,SCHAND,SCHAND,INE807K01035
3048,SCI,SCI,INE109A01011
23127,SCILAL,SCILAL,INE0PB301013
757478,SCODATUBES,SCODATUBES,INE090501011
1338,SDBL,SDBL,INE480C01038
2616,SEAMECLTD,SEAMECLTD,INE497B01018
19496,SECMARK,SECMARK,INE0BTM01013
11058,SECURKLOUD,SECURKLOUD,INE650K01021
761153,SEDEMAC,SEDEMAC,INE00XB01019
7091,SEJALLTD,SEJALLTD,INE955I01044
6262,SELMC,SELMC,INE105I01020
11961,SEMAC,SEMAC,INE617A01013
17271,SENCO,SENCO,INE602W01027
28888,SENORES,SENORES,INE0RB801010
15308,SEPC,SEPC,INE964H01014
5507,SERVOTECH,SERVOTECH,INE782X01033
3066,SESHAPAPER,SESHAPAPER,INE630A01024
29075,SETL,SETL,INE0M4D01010
19184,SFL,SFL,INE916U01025
758853,SGFIN,SGFIN,INE618R01015
5114,SGIL,SGIL,INE00QT01015
13367,SGL,SGL,INE353H01010
758889,SGMART,SGMART,INE385F01024
761469,SHADOWFAX,SHADOWFAX,INE12UN01015
20296,SHAH,SHAH,INE482J01021
11856,SHAHALLOYS,SHAHALLOYS,INE640C01011
8727,SHAILY,SHAILY,INE151G01028
25574,SHAKTIPUMP,SHAKTIPUMP,INE908D01010
714,SHALBY,SHALBY,INE597J01018
15342,SHALPAINTS,SHALPAINTS,INE849C01026
5650,SHANTI,SHANTI,INE933X01016
3078,SHANTIGEAR,SHANTIGEAR,INE631A01022
758002,SHANTIGOLD,SHANTIGOLD,INE06ZD01017
4992,SHARDACROP,SHARDACROP,INE221J01015
10530,SHARDAMOTR,SHARDAMOTR,INE597I01028
104,SHAREINDIA,SHAREINDIA,INE932X01026
21095,SHEKHAWATI,SHEKHAWATI,INE268L01046
5068,SHEMAROO,SHEMAROO,INE363M01019
759847,SHILCTECH,SHILCTECH,INE024F01011
17752,SHILPAMED,SHILPAMED,INE790G01031
7016,SHIVALIK,SHIVALIK,INE788J01021
13756,SHIVAMAUTO,SHIVAMAUTO,INE637H01024
1497,SHIVAMILLS,SHIVAMILLS,INE644Y01017
804,SHIVATEX,SHIVATEX,INE705C01020
11212,SHK,SHK,INE500L01026
11813,SHOPERSTOP,SHOPERSTOP,INE498B01024
708,SHRADHA,SHRADHA,INE715Y01031
3099,SHREDIGCEM,SHREDIGCEM,INE232A01011
3103,SHREECEM,SHREECEM,INE070A01015
759448,SHREEJISPG,SHREEJISPG,INE1B6101010
10588,SHREEPUSHK,SHREEPUSHK,INE712K01011
7627,SHREERAMA,SHREERAMA,INE879A01019
3126,SHREYANIND,SHREYANIND,INE231C01019
759093,SHRINGARMS,SHRINGARMS,INE1B3L01017
17186,SHRIPISTON,SHRIPISTON,INE526E01018
4306,SHRIRAMFIN,SHRIRAMFIN,INE721A01047
7200,SHRIRAMPPS,SHRIRAMPPS,INE217L01019
10188,SHYAMCENT,SHYAMCENT,INE979R01011
4693,SHYAMMETL,SHYAMMETL,INE810G01011
13740,SHYAMTEL,SHYAMTEL,INE635A01023
3150,SIEMENS,SIEMENS,INE003A01024
6663,SIGACHI,SIGACHI,INE0D0K01022
4522,SIGIND,SIGIND,INE529F01035
16658,SIGMA,SIGMA,INE0A0S01028
14793,SIGMAADV,SIGMAADV,INE933B01012
18743,SIGNATURE,SIGNATURE,INE903U01023
22656,SIGNPOST,SIGNPOST,INE0KGZ01021
6218,SIKKO,SIKKO,INE112X01025
11297,SIL,SIL,INE173A01025
2492,SILGO,SILGO,INE01II01013
4105,SILINV,SILINV,INE923A01015
19097,SILLYMONKS,SILLYMONKS,INE203Y01012
9422,SILVERTUC,SILVERTUC,INE625X01026
3162,SIMPLEXINF,SIMPLEXINF,INE059B01024
23480,SINCLAIR,SINCLAIR,INE985A01022
16859,SINDHUTRAD,SINDHUTRAD,INE325D01025
761420,SINGERIND,SINGERIND,INE638A01035
381,SINTERCOM,SINTERCOM,INE129Z01016
11050,SIRCA,SIRCA,INE792Z01011
21501,SIS,SIS,INE285J01028
14096,SIYSIL,SIYSIL,INE076B01028
6643,SJS,SJS,INE284S01014
18883,SJVN,SJVN,INE002L01015
3186,SKFINDIA,SKFINDIA,INE640A01023
760101,SKFINDUS,SKFINDUS,INE2J8701016
9428,SKIPPER,SKIPPER,INE439E01022
4732,SKMEGGPROD,SKMEGGPROD,INE411D01023
13631,SKYGOLD,SKYGOLD,INE01IU01018
9889,SMARTLINK,SMARTLINK,INE178C01020
757965,SMARTWORKS,SMARTWORKS,INE0NAZ01010
2320,SMCGLOBAL,SMCGLOBAL,INE103C01036
3387,SMLMAH,SMLMAH,INE294B01019
6843,SMLT,SMLT,INE017W01010
14329,SMSPHARMA,SMSPHARMA,INE812G01025
4843,SNOWMAN,SNOWMAN,INE734N01019
13826,SOBHA,SOBHA,INE671H01015
8266,SOFTTECH,SOFTTECH,INE728Z01015
3672,SOLARA,SOLARA,INE624Z01016
13332,SOLARINDS,SOLARINDS,INE343H01029
759929,SOLARWORLD,SOLARWORLD,INE0TY101024
759397,SOLEX,SOLEX,INE880Y01017
3880,SOMANYCERA,SOMANYCERA,INE355A01028
17794,SOMICONVEY,SOMICONVEY,INE323J01019
4684,SONACOMS,SONACOMS,INE073K01018
8806,SONAMLTD,SONAMLTD,INE00LM01029
6596,SONATSOFTW,SONATSOFTW,INE269A01021
3021,SOTL,SOTL,INE035D01020
5948,SOUTHBANK,SOUTHBANK,INE683A01023
9678,SOUTHWEST,SOUTHWEST,INE980Y01015
18252,SPAL,SPAL,INE212I01016
11435,SPANDANA,SPANDANA,INE572J01011
14788,SPARC,SPARC,INE232I01014
19372,SPCENET,SPCENET,INE970N01027
27107,SPECIALITY,SPECIALITY,INE247M01014
30455,SPECTRUM,SPECTRUM,INE01EO01010
8163,SPENCERS,SPENCERS,INE020801028
3252,SPIC,SPIC,INE147A01011
11935,SPLIL,SPLIL,INE978G01016
9617,SPLPETRO,SPLPETRO,INE663A01033
3321,SPMLINFRA,SPMLINFRA,INE937A01023
10733,SPORTKING,SPORTKING,INE885H01029
25737,SRD,SRD,INE01NE01012
31837,SREEL,SREEL,INE099F01013
3273,SRF,SRF,INE647A01010
18119,SRGHFL,SRGHFL,INE559N01010
14582,SRHHYPOLTD,SRHHYPOLTD,INE917H01012
23402,SRM,SRM,INE0R6Z01013
760188,SRTL,SRTL,INE19GK01015
24856,SSDL,SSDL,INE0PQ101010
11829,SSWL,SSWL,INE802C01033
29204,STALLION,STALLION,INE0RYC01010
24226,STANLEY,STANLEY,INE01A001028
7374,STAR,STAR,INE939A01011
21091,STARCEMENT,STARCEMENT,INE460H01021
7083,STARHEALTH,STARHEALTH,INE575P01011
3291,STARPAPER,STARPAPER,INE733A01018
9305,STARTECK,STARTECK,INE992I01013
10948,STCINDIA,STCINDIA,INE655A01013
6803,STEELCAS,STEELCAS,INE124E01038
10406,STEELCITY,STEELCITY,INE395H01011
21339,STEELXIND,STEELXIND,INE503B01021
21484,STEL,STEL,INE577L01016
4299,STERTOOLS,STERTOOLS,INE334A01023
758958,STLNETWORK,STLNETWORK,INE1VXE01018
9309,STLTECH,STLTECH,INE089C01029
2107,STOVEKRAFT,STOVEKRAFT,INE00IN01015
759587,STUDDS,STUDDS,INE00Q601028
759934,STYL,STYL,INE04VU01023
5186,STYLAMIND,STYLAMIND,INE239C01020
25114,STYLEBAAZA,STYLEBAAZA,INE01FR01028
19,STYRENIX,STYRENIX,INE189B01011
967,SUBEXLTD,SUBEXLTD,INE754A01055
3324,SUBROS,SUBROS,INE287B01021
715,SUDARCOLOR,SUDARCOLOR,INE492A01029
3327,SUDARSCHEM,SUDARSCHEM,INE659A01023
760039,SUDEEPPHRM,SUDEEPPHRM,INE0QPI01025
11804,SUKHJITS,SUKHJITS,INE450E01029
13218,SULA,SULA,INE142Q01026
20790,SUMEETINDS,SUMEETINDS,INE235C01036
17105,SUMICHEM,SUMICHEM,INE258G01013
11140,SUMIT,SUMIT,INE748Z01013
21275,SUMMITSEC,SUMMITSEC,INE519C01017
20956,SUNCLAY,SUNCLAY,INE0Q3R01026
18931,SUNDARAM,SUNDARAM,INE108E01023
3339,SUNDARMFIN,SUNDARMFIN,INE660A01013
4179,SUNDRMBRAK,SUNDRMBRAK,INE073D01013
3345,SUNDRMFAST,SUNDRMFAST,INE387A01021
1663,SUNDROP,SUNDROP,INE209A01019
3348,SUNFLAG,SUNFLAG,INE947A01014
3351,SUNPHARMA,SUNPHARMA,INE044A01036
17641,SUNTECK,SUNTECK,INE805D01034
13404,SUNTV,SUNTV,INE424H01027
20616,SUPERHOUSE,SUPERHOUSE,INE712B01010
3357,SUPERSPIN,SUPERSPIN,INE662A01027
11689,SUPRAJIT,SUPRAJIT,INE399C01030
29439,SUPREME,SUPREME,INE822E01011
3363,SUPREMEIND,SUPREMEIND,INE195A01028
7390,SUPRIYA,SUPRIYA,INE07RO01027
20822,SURAJEST,SURAJEST,INE843S01025
24966,SURAJLTD,SURAJLTD,INE713C01016
27334,SURAKSHA,SURAKSHA,INE877V01027
21077,SURANASOL,SURANASOL,INE272L01022
10700,SURANAT&P,SURANAT&P,INE130B01031
11852,SURYALAXMI,SURYALAXMI,INE713B01026
3375,SURYAROSNI,SURYAROSNI,INE335A01020
2970,SURYODAY,SURYODAY,INE428Q01011
13801,SUTLEJTEX,SUTLEJTEX,INE645H01027
11233,SUVEN,SUVEN,INE495B01038
2998,SUVIDHAA,SUVIDHAA,INE018401013
24851,SUYOG,SUYOG,INE442P01014
12018,SUZLON,SUZLON,INE040H01021
15121,SVLL,SVLL,INE00CE01017
5020,SVPGLOB,SVPGLOB,INE308E01029
27095,SWANCORP,SWANCORP,INE665A01038
3384,SWARAJENG,SWARAJENG,INE277A01016
11909,SWELECTES,SWELECTES,INE409B01013
27066,SWIGGY,SWIGGY,INE00H001014
12489,SWSOLAR,SWSOLAR,INE00M201021
24190,SYMPHONY,SYMPHONY,INE225D01027
11992,SYNCOMF,SYNCOMF,INE312C01025
10243,SYNGENE,SYNGENE,INE398R01022
10793,SYRMA,SYRMA,INE0DYJ01015
759355,SYSTMTXC,SYSTMTXC,INE356B01024
3396,TAINWALCHM,TAINWALCHM,INE123C01018
9354,TAJGVK,TAJGVK,INE586B01026
13648,TALBROAUTO,TALBROAUTO,INE187D01029
13976,TANLA,TANLA,INE483C01032
23512,TARACHAND,TARACHAND,INE555Z01020
18827,TARAPUR,TARAPUR,INE747K01017
1581,TARC,TARC,INE0EK901012
15174,TARIL,TARIL,INE763I01026
6943,TARSONS,TARSONS,INE144Z01023
20092,TASTYBITE,TASTYBITE,INE488B01017
759265,TATACAP,TATACAP,INE976I01016
3405,TATACHEM,TATACHEM,INE092A01019
3721,TATACOMM,TATACOMM,INE151A01013
3432,TATACONSUM,TATACONSUM,INE192A01025
3411,TATAELXSI,TATAELXSI,INE670A01012
1621,TATAINVEST,TATAINVEST,INE672A01026
3426,TATAPOWER,TATAPOWER,INE245A01021
3499,TATASTEEL,TATASTEEL,INE081A01020
20293,TATATECH,TATATECH,INE142M01025
5162,TATVA,TATVA,INE0GK401011
23740,TBOTEK,TBOTEK,INE673O01025
27037,TBZ,TBZ,INE760L01018
761814,TCC,TCC,INE887D01016
10580,TCI,TCI,INE688A01022
19223,TCIEXP,TCIEXP,INE586V01016
4771,TCIFINANCE,TCIFINANCE,INE911B01018
184,TCPLPACK,TCPLPACK,INE822C01015
11536,TCS,TCS,INE467B01029
25178,TDPOWERSYS,TDPOWERSYS,INE419M01027
10717,TEAMGTY,TEAMGTY,INE289C01025
12716,TEAMLEASE,TEAMLEASE,INE985S01024
13538,TECHM,TECHM,INE669C01036
6445,TECHNOE,TECHNOE,INE285K01026
3453,TECILCHEM,TECILCHEM,INE014B01011
7105,TEGA,TEGA,INE011K01018
21131,TEJASNET,TEJASNET,INE010J01012
3275,TEMBO,TEMBO,INE869Y01010
759880,TENNIND,TENNIND,INE19RI01016
19292,TERASOFT,TERASOFT,INE482B01010
11549,TEXINFRA,TEXINFRA,INE435C01024
18214,TEXMOPIPES,TEXMOPIPES,INE141K01013
21828,TEXRAIL,TEXRAIL,INE621L01012
3466,TFCILTD,TFCILTD,INE305A01023
14319,TFL,TFL,INE804H01012
14607,TGBHOTELS,TGBHOTELS,INE797H01018
18118,THANGAMAYL,THANGAMAYL,INE085J01014
21427,THEINVEST,THEINVEST,INE924D01017
19279,THEJO,THEJO,INE121N01019
757014,THELEELA,THELEELA,INE0AQ201015
14485,THEMISMED,THEMISMED,INE083B01024
3475,THERMAX,THERMAX,INE152A01029
3481,THOMASCOOK,THOMASCOOK,INE332A01027
31017,THOMASCOTT,THOMASCOTT,INE480M01011
17032,THYROCARE,THYROCARE,INE594H01019
19196,TI,TI,INE133E01013
19501,TICL,TICL,INE388G01026
759176,TIGERLOGS,TIGERLOGS,INE906O01029
14223,TIIL,TIIL,INE545H01011
312,TIINDIA,TIINDIA,INE974X01010
3484,TIL,TIL,INE806C01018
14707,TIMETECHNO,TIMETECHNO,INE508G01029
14198,TIMKEN,TIMKEN,INE325A01013
756020,TINNARUBR,TINNARUBR,INE015C01016
11374,TIPSFILMS,TIPSFILMS,INE0LQS01015
9117,TIPSMUSIC,TIPSMUSIC,INE716B01029
3496,TIRUMALCHM,TIRUMALCHM,INE338A01024
15414,TITAGARH,TITAGARH,INE615H01020
3506,TITAN,TITAN,INE280A01028
10945,TMB,TMB,INE668A01016
759782,TMCV,TMCV,INE1TAE01010
3456,TMPV,TMPV,INE155A01022
3509,TNPETRO,TNPETRO,INE148A01019
3980,TNPL,TNPL,INE107A01015
3512,TNTELE,TNTELE,INE141D01018
3837,TOKYOPLAST,TOKYOPLAST,INE932C01012
25262,TOLINS,TOLINS,INE0RWQ01014
3518,TORNTPHARM,TORNTPHARM,INE685A01028
13786,TORNTPOWER,TORNTPOWER,INE813H01021
22423,TOTAL,TOTAL,INE336X01012
16908,TOUCHWOOD,TOUCHWOOD,INE486Y01013
16996,TPHQ,TPHQ,INE065J01024
9219,TPLPLASTEH,TPLPLASTEH,INE413G01022
11582,TRACXN,TRACXN,INE0HMF01019
28714,TRANSRAILL,TRANSRAILL,INE454P01035
3129,TRANSWORLD,TRANSWORLD,INE757B01015
757545,TRAVELFOOD,TRAVELFOOD,INE103V01028
7518,TREJHARA,TREJHARA,INE00CA01015
17795,TREL,TREL,INE0O3901029
1964,TRENT,TRENT,INE849A01020
17987,TRF,TRF,INE391D01019
9685,TRIDENT,TRIDENT,INE064C01022
5428,TRIGYN,TRIGYN,INE948A01012
25584,TRITURBINE,TRITURBINE,INE152M01016
13081,TRIVENI,TRIVENI,INE256C01024
9378,TRU,TRU,INE615R01029
759210,TRUALT,TRUALT,INE0MWH01014
2183,TSFINV,TSFINV,INE202Z01029
11369,TTKHLTCARE,TTKHLTCARE,INE910C01018
3546,TTKPRESTIG,TTKPRESTIG,INE690A01028
8954,TTML,TTML,INE517B01013
11265,TVSELECT,TVSELECT,INE236G01019
29008,TVSHLTD,TVSHLTD,INE105A01035
8479,TVSMOTOR,TVSMOTOR,INE494B01023
14245,TVSSRICHAK,TVSSRICHAK,INE421C01016
11275,TVTODAY,TVTODAY,INE038F01029
18504,TVVISION,TVVISION,INE871L01013
16713,UBL,UBL,INE686F01025
3570,UCAL,UCAL,INE139B01016
11223,UCOBANK,UCOBANK,INE691A01018
19113,UDS,UDS,INE851I01011
23507,UEL,UEL,INE899L01030
3127,UFBL,UFBL,INE382M01027
1053,UFLEX,UFLEX,INE516A01017
9039,UFO,UFO,INE527H01019
19578,UGARSUGAR,UGARSUGAR,INE071E01023
5313,UGROCAP,UGROCAP,INE583D01011
15228,UJJIVANSFB,UJJIVANSFB,INE551W01018
11532,ULTRACEMCO,ULTRACEMCO,INE481G01011
8842,UMAEXPORTS,UMAEXPORTS,INE0GIU01018
8998,UMIYA-MRO,UMIYA-MRO,INE398B01018
3579,UNICHEMLAB,UNICHEMLAB,INE351A01035
201,UNIDT,UNIDT,INE961D01019
24809,UNIECOM,UNIECOM,INE00U401027
11293,UNIENTER,UNIENTER,INE037A01022
7791,UNIINFO,UNIINFO,INE481Z01011
28960,UNIMECH,UNIMECH,INE0U3I01011
10753,UNIONBANK,UNIONBANK,INE692A01016
13057,UNIPARTS,UNIPARTS,INE244O01017
10447,UNITDSPR,UNITDSPR,INE854D01024
3594,UNITECH,UNITECH,INE694A01020
7560,UNITEDPOLY,UNITEDPOLY,INE368U01029
17999,UNITEDTEA,UNITEDTEA,INE458F01011
18977,UNIVASTU,UNIVASTU,INE562X01013
3607,UNIVCABLES,UNIVCABLES,INE279A01012
14154,UNOMINDA,UNOMINDA,INE405E01023
11287,UPL,UPL,INE628A01036
17071,URAVIDEF,URAVIDEF,INE568Z01015
759084,URBANCO,URBANCO,INE0CAZ01013
20203,URJA,URJA,INE550C01020
8840,USHAMART,USHAMART,INE228A01035
527,UTIAMC,UTIAMC,INE094J01016
17358,UTKARSHBNK,UTKARSHBNK,INE735W01017
759876,UTLSOLAR,UTLSOLAR,INE12UR01024
13376,UTTAMSUGAR,UTTAMSUGAR,INE786F01031
25626,UYFINCORP,UYFINCORP,INE152C01025
14766,V2RETAIL,V2RETAIL,INE945H01021
24196,VADILALIND,VADILALIND,INE694D01016
11364,VAIBHAVGBL,VAIBHAVGBL,INE884A01027
16589,VAISHALI,VAISHALI,INE972X01022
13342,VAKRANGEE,VAKRANGEE,INE051B01021
19218,VALIANTLAB,VALIANTLAB,INE0JWS01017
330,VALIANTORG,VALIANTORG,INE565V01010
11220,VARDHACRLC,VARDHACRLC,INE116G01013
3857,VARROC,VARROC,INE665L01035
18110,VASCONEQ,VASCONEQ,INE893I01013
25340,VASWANI,VASWANI,INE590L01019
18921,VBL,VBL,INE200M01039
9020,VCL,VCL,INE098201036
3063,VEDL,VEDL,INE205A01025
14019,VEEDOL,VEEDOL,INE484C01030
3757,VENKEYS,VENKEYS,INE398A01010
28847,VENTIVE,VENTIVE,INE781S01027
9592,VENUSPIPES,VENUSPIPES,INE0JA001018
13859,VENUSREM,VENUSREM,INE411B01019
8890,VERANDA,VERANDA,INE0IQ001011
18863,VERTOZ,VERTOZ,INE188Y01031
3676,VESUVIUS,VESUVIUS,INE386A01023
8652,VETO,VETO,INE918N01018
13771,VGL,VGL,INE273D01027
15362,VGUARD,VGUARD,INE951I01027
11892,VHL,VHL,INE701A01023
13536,VIDHIING,VIDHIING,INE632C01026
760224,VIDYAWIRES,VIDYAWIRES,INE14UN01029
5585,VIJAYA,VIJAYA,INE043W01024
25756,VIKASECO,VIKASECO,INE806A01020
9931,VIKASLIFE,VIKASLIFE,INE161L01027
759453,VIKRAMSOLR,VIKRAMSOLR,INE078V01014
758973,VIKRAN,VIKRAN,INE01R501028
13101,VIMTALABS,VIMTALABS,INE579C01029
17364,VINATIORGA,VINATIORGA,INE410B01037
25835,VINCOFE,VINCOFE,INE498Q01014
3694,VINDHYATEL,VINDHYATEL,INE707A01012
3807,VINEETLAB,VINEETLAB,INE505Y01010
12490,VINNY,VINNY,INE01KI01027
16821,VINYLINDIA,VINYLINDIA,INE250B01029
14843,VIPCLOTHNG,VIPCLOTHNG,INE450G01024
3703,VIPIND,VIPIND,INE054A01027
15295,VIRINCHI,VIRINCHI,INE539B01017
4221,VISAKAIND,VISAKAIND,INE392A01021
13295,VISASTEEL,VISASTEEL,INE286H01012
6908,VISHNU,VISHNU,INE270I01022
13702,VISHWARAJ,VISHWARAJ,INE430N01022
761148,VITAL,VITAL,INE0L4K01016
29877,VIVIDHA,VIVIDHA,INE370E01029
11965,VIVIMEDLAB,VIVIMEDLAB,INE526G01021
14296,VIYASH,VIYASH,INE807F01027
18012,VLEGOV,VLEGOV,INE03HW01020
3715,VLSFINANCE,VLSFINANCE,INE709A01018
29284,VMART,VMART,INE665J01013
27969,VMM,VMM,INE01EA01019
759152,VMSTMT,VMSTMT,INE0SJA01013
13577,VOLTAMP,VOLTAMP,INE540H01012
3718,VOLTAS,VOLTAS,INE226A01021
18341,VPRPL,VPRPL,INE0AE001013
24321,VRAJ,VRAJ,INE0S2V01010
8696,VRLLOG,VRLLOG,INE366I01010
27067,VSSL,VSSL,INE050M01012
3724,VSTIND,VSTIND,INE710A01016
22730,VSTL,VSTL,INE0QTF01015
24292,VSTTILLERS,VSTTILLERS,INE764D01017
2073,VTL,VTL,INE825A01020
25907,WAAREEENER,WAAREEENER,INE377N01017
19955,WAAREEINDO,WAAREEINDO,INE866K01023
756038,WAAREERTL,WAAREERTL,INE299N01021
20188,WABAG,WABAG,INE956G01038
760259,WAKEFIT,WAKEFIT,INE0E7301029
3736,WALCHANNAG,WALCHANNAG,INE711A01022
25403,WCIL,WCIL,INE0CJF01024
1923,WEALTH,WEALTH,INE658T01017
14602,WEBELSOLAR,WEBELSOLAR,INE855C01023
3748,WEIZMANIND,WEIZMANIND,INE080A01014
7835,WEL,WEL,INE02WG01024
11821,WELCORP,WELCORP,INE191B01025
11626,WELENT,WELENT,INE625G01013
19800,WELINV,WELINV,INE389K01018
11253,WELSPUNLIV,WELSPUNLIV,INE192B01031
4235,WENDT,WENDT,INE274C01019
11580,WESTLIFE,WESTLIFE,INE274F01020
9862,WEWIN,WEWIN,INE082W01014
759434,WEWORK,WEWORK,INE085001019
3766,WHEELS,WHEELS,INE715A01015
18011,WHIRLPOOL,WHIRLPOOL,INE716A01013
3772,WILLAMAGOR,WILLAMAGOR,INE210A01017
5366,WINDLAS,WINDLAS,INE0H5O01029
24969,WINDMACHIN,WINDMACHIN,INE052A01021
20481,WIPL,WIPL,INE215F01023
3787,WIPRO,WIPRO,INE075A01022
7506,WOCKPHARMA,WOCKPHARMA,INE049B01025
3002,WONDERLA,WONDERLA,INE066O01014
22277,WORTHPERI,WORTHPERI,INE196Y01018
14828,WSI,WSI,INE100D01014
3799,WSTCSTPAPR,WSTCSTPAPR,INE976A01021
11705,XCHANGING,XCHANGING,INE692G01013
8477,XELPMOC,XELPMOC,INE01P501012
11407,XPROINDIA,XPROINDIA,INE445C01015
25235,XTGLOBAL,XTGLOBAL,INE547B01028
18131,YASHO,YASHO,INE616Z01012
17738,YATHARTH,YATHARTH,INE0JO301016
18760,YATRA,YATRA,INE0JR601024
11915,YESBANK,YESBANK,INE528G01035
5501,YUKEN,YUKEN,INE384C01016
18608,ZAGGLE,ZAGGLE,INE07K301024
3812,ZEEL,ZEEL,INE256A01028
20852,ZEELEARN,ZEELEARN,INE565L01011
4176,ZENITHEXPO,ZENITHEXPO,INE058B01018
14562,ZENITHSTL,ZENITHSTL,INE318D01020
1076,ZENSARTECH,ZENSARTECH,INE520A01027
7508,ZENTEC,ZENTEC,INE251B01027
16915,ZFCVINDIA,ZFCVINDIA,INE342J01019
12384,ZIMLAB,ZIMLAB,INE518E01015
7129,ZODIAC,ZODIAC,INE761Y01019
3821,ZODIACLOTH,ZODIACLOTH,INE206B01013
11394,ZOTA,ZOTA,INE358U01012
29050,ZUARI,ZUARI,INE840M01016
3827,ZUARIIND,ZUARIIND,INE217A01012
7929,ZYDUSLIFE,ZYDUSLIFE,INE010B01027
17635,ZYDUSWELL,ZYDUSWELL,INE768C01028
